2025-06-01 17:10:43 0 [Note] Starting MariaDB 10.4.32-MariaDB source revision c4143f909528e3fab0677a28631d10389354c491 as process 17284
2025-06-01 17:10:43 0 [Note] InnoDB: Mutexes and rw_locks use Windows interlocked functions
2025-06-01 17:10:43 0 [Note] InnoDB: Uses event mutexes
2025-06-01 17:10:43 0 [Note] InnoDB: Compressed tables use zlib 1.3
2025-06-01 17:10:43 0 [Note] InnoDB: Number of pools: 1
2025-06-01 17:10:43 0 [Note] InnoDB: Using SSE2 crc32 instructions
2025-06-01 17:10:43 0 [Note] InnoDB: Initializing buffer pool, total size = 16M, instances = 1, chunk size = 16M
2025-06-01 17:10:43 0 [Note] InnoDB: Completed initialization of buffer pool
2025-06-01 17:10:43 0 [Note] InnoDB: Starting crash recovery from checkpoint LSN=300288
2025-06-01 17:10:43 0 [Note] InnoDB: 128 out of 128 rollback segments are active.
2025-06-01 17:10:44 0 [Note] InnoDB: Removed temporary tablespace data file: "ibtmp1"
2025-06-01 17:10:44 0 [Note] InnoDB: Creating shared tablespace for temporary tables
2025-06-01 17:10:44 0 [Note] InnoDB: Setting file 'C:\xampp\mysql\data\ibtmp1' size to 12 MB. Physically writing the file full; Please wait ...
2025-06-01 17:10:44 0 [Note] InnoDB: File 'C:\xampp\mysql\data\ibtmp1' size is now 12 MB.
2025-06-01 17:10:44 0 [Note] InnoDB: Waiting for purge to start
2025-06-01 17:10:44 0 [Note] InnoDB: 10.4.32 started; log sequence number 300297; transaction id 170
2025-06-01 17:10:44 0 [Note] InnoDB: Loading buffer pool(s) from C:\xampp\mysql\data\ib_buffer_pool
2025-06-01 17:10:44 0 [Note] Plugin 'FEEDBACK' is disabled.
2025-06-01 17:10:44 0 [Note] Server socket created on IP: '::'.
2025-08-11 17:10:20 0 [Note] Starting MariaDB 10.4.32-MariaDB source revision c4143f909528e3fab0677a28631d10389354c491 as process 10228
2025-08-11 17:10:20 0 [Note] mysqld.exe: Aria engine: starting recovery
tables to flush: 1 0
 (0.0 seconds); 
2025-08-11 17:10:20 0 [Note] mysqld.exe: Aria engine: recovery done
2025-08-11 17:10:20 0 [Note] InnoDB: Mutexes and rw_locks use Windows interlocked functions
2025-08-11 17:10:20 0 [Note] InnoDB: Uses event mutexes
2025-08-11 17:10:20 0 [Note] InnoDB: Compressed tables use zlib 1.3
2025-08-11 17:10:20 0 [Note] InnoDB: Number of pools: 1
2025-08-11 17:10:20 0 [Note] InnoDB: Using SSE2 crc32 instructions
2025-08-11 17:10:20 0 [Note] InnoDB: Initializing buffer pool, total size = 16M, instances = 1, chunk size = 16M
2025-08-11 17:10:20 0 [Note] InnoDB: Completed initialization of buffer pool
2025-08-11 17:10:20 0 [Note] InnoDB: Starting crash recovery from checkpoint LSN=395923
2025-08-11 17:10:21 0 [Note] InnoDB: 128 out of 128 rollback segments are active.
2025-08-11 17:10:21 0 [Note] InnoDB: Removed temporary tablespace data file: "ibtmp1"
2025-08-11 17:10:21 0 [Note] InnoDB: Creating shared tablespace for temporary tables
2025-08-11 17:10:21 0 [Note] InnoDB: Setting file 'C:\xampp\mysql\data\ibtmp1' size to 12 MB. Physically writing the file full; Please wait ...
2025-08-11 17:10:21 0 [Note] InnoDB: File 'C:\xampp\mysql\data\ibtmp1' size is now 12 MB.
2025-08-11 17:10:21 0 [Note] InnoDB: Waiting for purge to start
2025-08-11 17:10:21 0 [Note] InnoDB: 10.4.32 started; log sequence number 395932; transaction id 435
2025-08-11 17:10:21 0 [Note] InnoDB: Loading buffer pool(s) from C:\xampp\mysql\data\ib_buffer_pool
2025-08-11 17:10:21 0 [Note] Plugin 'FEEDBACK' is disabled.
2025-08-11 17:10:21 0 [Note] InnoDB: Buffer pool(s) load completed at 250811 17:10:21
2025-08-11 17:10:21 0 [Note] Server socket created on IP: '::'.
2025-08-11 19:44:20 0 [Note] Starting MariaDB 10.4.32-MariaDB source revision c4143f909528e3fab0677a28631d10389354c491 as process 2024
2025-08-11 19:44:20 0 [Note] mysqld.exe: Aria engine: starting recovery
tables to flush: 1 0
 (0.0 seconds); 
2025-08-11 19:44:20 0 [Note] mysqld.exe: Aria engine: recovery done
2025-08-11 19:44:20 0 [Note] InnoDB: Mutexes and rw_locks use Windows interlocked functions
2025-08-11 19:44:20 0 [Note] InnoDB: Uses event mutexes
2025-08-11 19:44:20 0 [Note] InnoDB: Compressed tables use zlib 1.3
2025-08-11 19:44:20 0 [Note] InnoDB: Number of pools: 1
2025-08-11 19:44:20 0 [Note] InnoDB: Using SSE2 crc32 instructions
2025-08-11 19:44:20 0 [Note] InnoDB: Initializing buffer pool, total size = 16M, instances = 1, chunk size = 16M
2025-08-11 19:44:20 0 [Note] InnoDB: Completed initialization of buffer pool
2025-08-11 19:44:21 0 [Note] InnoDB: Starting crash recovery from checkpoint LSN=1102789
2025-08-11 19:44:21 0 [Note] InnoDB: 128 out of 128 rollback segments are active.
2025-08-11 19:44:21 0 [Note] InnoDB: Removed temporary tablespace data file: "ibtmp1"
2025-08-11 19:44:21 0 [Note] InnoDB: Creating shared tablespace for temporary tables
2025-08-11 19:44:21 0 [Note] InnoDB: Setting file 'C:\xampp\mysql\data\ibtmp1' size to 12 MB. Physically writing the file full; Please wait ...
2025-08-11 19:44:21 0 [Note] InnoDB: File 'C:\xampp\mysql\data\ibtmp1' size is now 12 MB.
2025-08-11 19:44:21 0 [Note] InnoDB: Waiting for purge to start
2025-08-11 19:44:21 0 [Note] InnoDB: 10.4.32 started; log sequence number 1102798; transaction id 1192
2025-08-11 19:44:21 0 [Note] InnoDB: Loading buffer pool(s) from C:\xampp\mysql\data\ib_buffer_pool
2025-08-11 19:44:21 0 [Note] Plugin 'FEEDBACK' is disabled.
2025-08-11 19:44:21 0 [Note] InnoDB: Buffer pool(s) load completed at 250811 19:44:21
2025-08-11 19:44:21 0 [Note] Server socket created on IP: '::'.
2025-08-25 20:47:07 0 [Note] Starting MariaDB 10.4.32-MariaDB source revision c4143f909528e3fab0677a28631d10389354c491 as process 3824
2025-08-25 20:47:07 0 [Note] InnoDB: Mutexes and rw_locks use Windows interlocked functions
2025-08-25 20:47:07 0 [Note] InnoDB: Uses event mutexes
2025-08-25 20:47:07 0 [Note] InnoDB: Compressed tables use zlib 1.3
2025-08-25 20:47:07 0 [Note] InnoDB: Number of pools: 1
2025-08-25 20:47:07 0 [Note] InnoDB: Using SSE2 crc32 instructions
2025-08-25 20:47:07 0 [Note] InnoDB: Initializing buffer pool, total size = 16M, instances = 1, chunk size = 16M
2025-08-25 20:47:07 0 [Note] InnoDB: Completed initialization of buffer pool
2025-08-25 20:47:08 0 [Note] InnoDB: Starting crash recovery from checkpoint LSN=1103124
2025-08-25 20:47:08 0 [Note] InnoDB: 128 out of 128 rollback segments are active.
2025-08-25 20:47:08 0 [Note] InnoDB: Removed temporary tablespace data file: "ibtmp1"
2025-08-25 20:47:08 0 [Note] InnoDB: Creating shared tablespace for temporary tables
2025-08-25 20:47:08 0 [Note] InnoDB: Setting file 'C:\xampp\mysql\data\ibtmp1' size to 12 MB. Physically writing the file full; Please wait ...
2025-08-25 20:47:08 0 [Note] InnoDB: File 'C:\xampp\mysql\data\ibtmp1' size is now 12 MB.
2025-08-25 20:47:08 0 [Note] InnoDB: Waiting for purge to start
2025-08-25 20:47:08 0 [Note] InnoDB: 10.4.32 started; log sequence number 1103133; transaction id 1227
2025-08-25 20:47:08 0 [Note] Plugin 'FEEDBACK' is disabled.
2025-08-25 20:47:08 0 [Note] InnoDB: Loading buffer pool(s) from C:\xampp\mysql\data\ib_buffer_pool
2025-08-25 20:47:08 0 [Note] InnoDB: Buffer pool(s) load completed at 250825 20:47:08
2025-08-25 20:47:08 0 [Note] Server socket created on IP: '::'.
2025-08-28 12:32:07 0 [Note] Starting MariaDB 10.4.32-MariaDB source revision c4143f909528e3fab0677a28631d10389354c491 as process 14540
2025-08-28 12:32:07 0 [Note] InnoDB: Mutexes and rw_locks use Windows interlocked functions
2025-08-28 12:32:07 0 [Note] InnoDB: Uses event mutexes
2025-08-28 12:32:07 0 [Note] InnoDB: Compressed tables use zlib 1.3
2025-08-28 12:32:07 0 [Note] InnoDB: Number of pools: 1
2025-08-28 12:32:07 0 [Note] InnoDB: Using SSE2 crc32 instructions
2025-08-28 12:32:07 0 [Note] InnoDB: Initializing buffer pool, total size = 16M, instances = 1, chunk size = 16M
2025-08-28 12:32:07 0 [Note] InnoDB: Completed initialization of buffer pool
2025-08-28 12:32:08 0 [Note] InnoDB: Starting crash recovery from checkpoint LSN=1120063
2025-08-28 12:32:08 0 [Note] InnoDB: 128 out of 128 rollback segments are active.
2025-08-28 12:32:08 0 [Note] InnoDB: Removed temporary tablespace data file: "ibtmp1"
2025-08-28 12:32:08 0 [Note] InnoDB: Creating shared tablespace for temporary tables
2025-08-28 12:32:08 0 [Note] InnoDB: Setting file 'C:\xampp\mysql\data\ibtmp1' size to 12 MB. Physically writing the file full; Please wait ...
2025-08-28 12:32:08 0 [Note] InnoDB: File 'C:\xampp\mysql\data\ibtmp1' size is now 12 MB.
2025-08-28 12:32:08 0 [Note] InnoDB: Waiting for purge to start
2025-08-28 12:32:08 0 [Note] InnoDB: 10.4.32 started; log sequence number 1120072; transaction id 1311
2025-08-28 12:32:08 0 [Note] InnoDB: Loading buffer pool(s) from C:\xampp\mysql\data\ib_buffer_pool
2025-08-28 12:32:08 0 [Note] Plugin 'FEEDBACK' is disabled.
2025-08-28 12:32:08 0 [Note] InnoDB: Buffer pool(s) load completed at 250828 12:32:08
2025-08-28 12:32:08 0 [Note] Server socket created on IP: '::'.
2025-08-28 13:15:13 0 [Note] Starting MariaDB 10.4.32-MariaDB source revision c4143f909528e3fab0677a28631d10389354c491 as process 9292
2025-08-28 13:15:13 0 [Note] InnoDB: Mutexes and rw_locks use Windows interlocked functions
2025-08-28 13:15:13 0 [Note] InnoDB: Uses event mutexes
2025-08-28 13:15:13 0 [Note] InnoDB: Compressed tables use zlib 1.3
2025-08-28 13:15:13 0 [Note] InnoDB: Number of pools: 1
2025-08-28 13:15:13 0 [Note] InnoDB: Using SSE2 crc32 instructions
2025-08-28 13:15:13 0 [Note] InnoDB: Initializing buffer pool, total size = 16M, instances = 1, chunk size = 16M
2025-08-28 13:15:13 0 [Note] InnoDB: Completed initialization of buffer pool
2025-08-28 13:15:13 0 [Note] InnoDB: Starting crash recovery from checkpoint LSN=1120398
2025-08-28 13:15:14 0 [Note] InnoDB: 128 out of 128 rollback segments are active.
2025-08-28 13:15:14 0 [Note] InnoDB: Removed temporary tablespace data file: "ibtmp1"
2025-08-28 13:15:14 0 [Note] InnoDB: Creating shared tablespace for temporary tables
2025-08-28 13:15:14 0 [Note] InnoDB: Setting file 'C:\xampp\mysql\data\ibtmp1' size to 12 MB. Physically writing the file full; Please wait ...
2025-08-28 13:15:14 0 [Note] InnoDB: File 'C:\xampp\mysql\data\ibtmp1' size is now 12 MB.
2025-08-28 13:15:14 0 [Note] InnoDB: Waiting for purge to start
2025-08-28 13:15:14 0 [Note] InnoDB: 10.4.32 started; log sequence number 1120407; transaction id 1346
2025-08-28 13:15:14 0 [Note] Plugin 'FEEDBACK' is disabled.
2025-08-28 13:15:14 0 [Note] InnoDB: Loading buffer pool(s) from C:\xampp\mysql\data\ib_buffer_pool
2025-08-28 13:15:14 0 [Note] InnoDB: Buffer pool(s) load completed at 250828 13:15:14
2025-08-28 13:15:14 0 [Note] Server socket created on IP: '::'.
2025-08-30 21:46:24 0 [Note] Starting MariaDB 10.4.32-MariaDB source revision c4143f909528e3fab0677a28631d10389354c491 as process 14680
2025-08-30 21:46:24 0 [Note] InnoDB: Mutexes and rw_locks use Windows interlocked functions
2025-08-30 21:46:24 0 [Note] InnoDB: Uses event mutexes
2025-08-30 21:46:24 0 [Note] InnoDB: Compressed tables use zlib 1.3
2025-08-30 21:46:24 0 [Note] InnoDB: Number of pools: 1
2025-08-30 21:46:24 0 [Note] InnoDB: Using SSE2 crc32 instructions
2025-08-30 21:46:24 0 [Note] InnoDB: Initializing buffer pool, total size = 16M, instances = 1, chunk size = 16M
2025-08-30 21:46:24 0 [Note] InnoDB: Completed initialization of buffer pool
2025-08-30 21:46:24 0 [Note] InnoDB: Starting crash recovery from checkpoint LSN=1123421
2025-08-30 21:46:25 0 [Note] InnoDB: 128 out of 128 rollback segments are active.
2025-08-30 21:46:25 0 [Note] InnoDB: Removed temporary tablespace data file: "ibtmp1"
2025-08-30 21:46:25 0 [Note] InnoDB: Creating shared tablespace for temporary tables
2025-08-30 21:46:25 0 [Note] InnoDB: Setting file 'C:\xampp\mysql\data\ibtmp1' size to 12 MB. Physically writing the file full; Please wait ...
2025-08-30 21:46:25 0 [Note] InnoDB: File 'C:\xampp\mysql\data\ibtmp1' size is now 12 MB.
2025-08-30 21:46:25 0 [Note] InnoDB: Waiting for purge to start
2025-08-30 21:46:25 0 [Note] InnoDB: 10.4.32 started; log sequence number 1123430; transaction id 1395
2025-08-30 21:46:25 0 [Note] InnoDB: Loading buffer pool(s) from C:\xampp\mysql\data\ib_buffer_pool
2025-08-30 21:46:25 0 [Note] Plugin 'FEEDBACK' is disabled.
2025-08-30 21:46:25 0 [Note] InnoDB: Buffer pool(s) load completed at 250830 21:46:25
2025-08-30 21:46:25 0 [Note] Server socket created on IP: '::'.
2025-09-09 18:14:47 0 [Note] Starting MariaDB 10.4.32-MariaDB source revision c4143f909528e3fab0677a28631d10389354c491 as process 5808
2025-09-09 18:14:47 0 [Note] InnoDB: Mutexes and rw_locks use Windows interlocked functions
2025-09-09 18:14:47 0 [Note] InnoDB: Uses event mutexes
2025-09-09 18:14:47 0 [Note] InnoDB: Compressed tables use zlib 1.3
2025-09-09 18:14:47 0 [Note] InnoDB: Number of pools: 1
2025-09-09 18:14:47 0 [Note] InnoDB: Using SSE2 crc32 instructions
2025-09-09 18:14:47 0 [Note] InnoDB: Initializing buffer pool, total size = 16M, instances = 1, chunk size = 16M
2025-09-09 18:14:47 0 [Note] InnoDB: Completed initialization of buffer pool
2025-09-09 18:14:47 0 [Note] InnoDB: Starting crash recovery from checkpoint LSN=1123439
2025-09-09 18:14:49 0 [Note] InnoDB: 128 out of 128 rollback segments are active.
2025-09-09 18:14:49 0 [Note] InnoDB: Removed temporary tablespace data file: "ibtmp1"
2025-09-09 18:14:49 0 [Note] InnoDB: Creating shared tablespace for temporary tables
2025-09-09 18:14:49 0 [Note] InnoDB: Setting file 'C:\xampp\mysql\data\ibtmp1' size to 12 MB. Physically writing the file full; Please wait ...
2025-09-09 18:14:49 0 [Note] InnoDB: File 'C:\xampp\mysql\data\ibtmp1' size is now 12 MB.
2025-09-09 18:14:49 0 [Note] InnoDB: Waiting for purge to start
2025-09-09 18:14:49 0 [Note] InnoDB: Waiting for purge to start
2025-09-09 18:14:49 0 [Note] InnoDB: Waiting for purge to start
2025-09-09 18:14:49 0 [Note] InnoDB: 10.4.32 started; log sequence number 1123448; transaction id 1395
2025-09-09 18:14:49 0 [Note] InnoDB: Loading buffer pool(s) from C:\xampp\mysql\data\ib_buffer_pool
2025-09-09 18:14:49 0 [Note] Plugin 'FEEDBACK' is disabled.
2025-09-09 18:14:49 0 [Note] Server socket created on IP: '::'.
2025-10-17 21:22:06 0 [Note] Starting MariaDB 10.4.32-MariaDB source revision c4143f909528e3fab0677a28631d10389354c491 as process 16312
2025-10-17 21:22:06 0 [Note] InnoDB: Mutexes and rw_locks use Windows interlocked functions
2025-10-17 21:22:06 0 [Note] InnoDB: Uses event mutexes
2025-10-17 21:22:06 0 [Note] InnoDB: Compressed tables use zlib 1.3
2025-10-17 21:22:06 0 [Note] InnoDB: Number of pools: 1
2025-10-17 21:22:06 0 [Note] InnoDB: Using SSE2 crc32 instructions
2025-10-17 21:22:06 0 [Note] InnoDB: Initializing buffer pool, total size = 16M, instances = 1, chunk size = 16M
2025-10-17 21:22:06 0 [Note] InnoDB: Completed initialization of buffer pool
2025-10-17 21:22:06 0 [Note] InnoDB: Starting crash recovery from checkpoint LSN=1123457
2025-10-17 21:22:07 0 [Note] InnoDB: 128 out of 128 rollback segments are active.
2025-10-17 21:22:07 0 [Note] InnoDB: Removed temporary tablespace data file: "ibtmp1"
2025-10-17 21:22:07 0 [Note] InnoDB: Creating shared tablespace for temporary tables
2025-10-17 21:22:07 0 [Note] InnoDB: Setting file 'C:\xampp\mysql\data\ibtmp1' size to 12 MB. Physically writing the file full; Please wait ...
2025-10-17 21:22:07 0 [Note] InnoDB: File 'C:\xampp\mysql\data\ibtmp1' size is now 12 MB.
2025-10-17 21:22:07 0 [Note] InnoDB: Waiting for purge to start
2025-10-17 21:22:07 0 [Note] InnoDB: 10.4.32 started; log sequence number 1123466; transaction id 1395
2025-10-17 21:22:07 0 [Note] InnoDB: Loading buffer pool(s) from C:\xampp\mysql\data\ib_buffer_pool
2025-10-17 21:22:07 0 [Note] Plugin 'FEEDBACK' is disabled.
2025-10-17 21:22:07 0 [Note] InnoDB: Buffer pool(s) load completed at 251017 21:22:07
2025-10-17 21:22:07 0 [Note] Server socket created on IP: '::'.
2025-10-21 10:54:18 0 [Note] Starting MariaDB 10.4.32-MariaDB source revision c4143f909528e3fab0677a28631d10389354c491 as process 2928
2025-10-21 10:54:19 0 [Note] InnoDB: Mutexes and rw_locks use Windows interlocked functions
2025-10-21 10:54:19 0 [Note] InnoDB: Uses event mutexes
2025-10-21 10:54:19 0 [Note] InnoDB: Compressed tables use zlib 1.3
2025-10-21 10:54:19 0 [Note] InnoDB: Number of pools: 1
2025-10-21 10:54:19 0 [Note] InnoDB: Using SSE2 crc32 instructions
2025-10-21 10:54:19 0 [Note] InnoDB: Initializing buffer pool, total size = 16M, instances = 1, chunk size = 16M
2025-10-21 10:54:19 0 [Note] InnoDB: Completed initialization of buffer pool
2025-10-21 10:54:19 0 [Note] InnoDB: Starting crash recovery from checkpoint LSN=1125160
2025-10-21 10:54:19 0 [Note] InnoDB: 128 out of 128 rollback segments are active.
2025-10-21 10:54:19 0 [Note] InnoDB: Removed temporary tablespace data file: "ibtmp1"
2025-10-21 10:54:19 0 [Note] InnoDB: Creating shared tablespace for temporary tables
2025-10-21 10:54:19 0 [Note] InnoDB: Setting file 'C:\xampp\mysql\data\ibtmp1' size to 12 MB. Physically writing the file full; Please wait ...
2025-10-21 10:54:19 0 [Note] InnoDB: File 'C:\xampp\mysql\data\ibtmp1' size is now 12 MB.
2025-10-21 10:54:19 0 [Note] InnoDB: Waiting for purge to start
2025-10-21 10:54:19 0 [Note] InnoDB: 10.4.32 started; log sequence number 1125169; transaction id 1432
2025-10-21 10:54:19 0 [Note] InnoDB: Loading buffer pool(s) from C:\xampp\mysql\data\ib_buffer_pool
2025-10-21 10:54:20 0 [Note] Plugin 'FEEDBACK' is disabled.
2025-10-21 10:54:20 0 [Note] InnoDB: Buffer pool(s) load completed at 251021 10:54:20
2025-10-21 10:54:20 0 [Note] Server socket created on IP: '::'.
2025-11-03 16:58:47 0 [Note] Starting MariaDB 10.4.32-MariaDB source revision c4143f909528e3fab0677a28631d10389354c491 as process 9044
2025-11-03 16:58:47 0 [Note] InnoDB: Mutexes and rw_locks use Windows interlocked functions
2025-11-03 16:58:47 0 [Note] InnoDB: Uses event mutexes
2025-11-03 16:58:47 0 [Note] InnoDB: Compressed tables use zlib 1.3
2025-11-03 16:58:47 0 [Note] InnoDB: Number of pools: 1
2025-11-03 16:58:47 0 [Note] InnoDB: Using SSE2 crc32 instructions
2025-11-03 16:58:47 0 [Note] InnoDB: Initializing buffer pool, total size = 16M, instances = 1, chunk size = 16M
2025-11-03 16:58:47 0 [Note] InnoDB: Completed initialization of buffer pool
2025-11-03 16:58:47 0 [Note] InnoDB: Starting crash recovery from checkpoint LSN=1125178
2025-11-03 16:58:48 0 [Note] InnoDB: 128 out of 128 rollback segments are active.
2025-11-03 16:58:48 0 [Note] InnoDB: Removed temporary tablespace data file: "ibtmp1"
2025-11-03 16:58:48 0 [Note] InnoDB: Creating shared tablespace for temporary tables
2025-11-03 16:58:48 0 [Note] InnoDB: Setting file 'C:\xampp\mysql\data\ibtmp1' size to 12 MB. Physically writing the file full; Please wait ...
2025-11-03 16:58:48 0 [Note] InnoDB: File 'C:\xampp\mysql\data\ibtmp1' size is now 12 MB.
2025-11-03 16:58:48 0 [Note] InnoDB: Waiting for purge to start
2025-11-03 16:58:48 0 [Note] InnoDB: 10.4.32 started; log sequence number 1125187; transaction id 1432
2025-11-03 16:58:48 0 [Note] InnoDB: Loading buffer pool(s) from C:\xampp\mysql\data\ib_buffer_pool
2025-11-03 16:58:48 0 [Note] Plugin 'FEEDBACK' is disabled.
2025-11-03 16:58:48 0 [Note] InnoDB: Buffer pool(s) load completed at 251103 16:58:48
2025-11-03 16:58:49 0 [Note] Server socket created on IP: '::'.
2025-11-06  9:20:47 0 [Note] Starting MariaDB 10.4.32-MariaDB source revision c4143f909528e3fab0677a28631d10389354c491 as process 9276
2025-11-06  9:20:47 0 [Note] InnoDB: Mutexes and rw_locks use Windows interlocked functions
2025-11-06  9:20:47 0 [Note] InnoDB: Uses event mutexes
2025-11-06  9:20:47 0 [Note] InnoDB: Compressed tables use zlib 1.3
2025-11-06  9:20:47 0 [Note] InnoDB: Number of pools: 1
2025-11-06  9:20:47 0 [Note] InnoDB: Using SSE2 crc32 instructions
2025-11-06  9:20:47 0 [Note] InnoDB: Initializing buffer pool, total size = 16M, instances = 1, chunk size = 16M
2025-11-06  9:20:47 0 [Note] InnoDB: Completed initialization of buffer pool
2025-11-06  9:20:47 0 [Note] InnoDB: Starting crash recovery from checkpoint LSN=1125196
2025-11-06  9:20:48 0 [Note] InnoDB: 128 out of 128 rollback segments are active.
2025-11-06  9:20:48 0 [Note] InnoDB: Removed temporary tablespace data file: "ibtmp1"
2025-11-06  9:20:48 0 [Note] InnoDB: Creating shared tablespace for temporary tables
2025-11-06  9:20:48 0 [Note] InnoDB: Setting file 'C:\xampp\mysql\data\ibtmp1' size to 12 MB. Physically writing the file full; Please wait ...
2025-11-06  9:20:48 0 [Note] InnoDB: File 'C:\xampp\mysql\data\ibtmp1' size is now 12 MB.
2025-11-06  9:20:48 0 [Note] InnoDB: Waiting for purge to start
2025-11-06  9:20:48 0 [Note] InnoDB: 10.4.32 started; log sequence number 1125205; transaction id 1432
2025-11-06  9:20:48 0 [Note] InnoDB: Loading buffer pool(s) from C:\xampp\mysql\data\ib_buffer_pool
2025-11-06  9:20:48 0 [Note] Plugin 'FEEDBACK' is disabled.
2025-11-06  9:20:48 0 [Note] InnoDB: Buffer pool(s) load completed at 251106  9:20:48
2025-11-06  9:20:48 0 [Note] Server socket created on IP: '::'.
2025-11-06  9:55:17 0 [Note] Starting MariaDB 10.4.32-MariaDB source revision c4143f909528e3fab0677a28631d10389354c491 as process 18476
2025-11-06  9:55:17 0 [Note] InnoDB: Mutexes and rw_locks use Windows interlocked functions
2025-11-06  9:55:17 0 [Note] InnoDB: Uses event mutexes
2025-11-06  9:55:17 0 [Note] InnoDB: Compressed tables use zlib 1.3
2025-11-06  9:55:17 0 [Note] InnoDB: Number of pools: 1
2025-11-06  9:55:17 0 [Note] InnoDB: Using SSE2 crc32 instructions
2025-11-06  9:55:17 0 [Note] InnoDB: Initializing buffer pool, total size = 16M, instances = 1, chunk size = 16M
2025-11-06  9:55:17 0 [Note] InnoDB: Completed initialization of buffer pool
2025-11-06  9:55:17 0 [Note] InnoDB: Starting crash recovery from checkpoint LSN=1125214
2025-11-06  9:55:17 0 [Note] InnoDB: 128 out of 128 rollback segments are active.
2025-11-06  9:55:17 0 [Note] InnoDB: Removed temporary tablespace data file: "ibtmp1"
2025-11-06  9:55:17 0 [Note] InnoDB: Creating shared tablespace for temporary tables
2025-11-06  9:55:17 0 [Note] InnoDB: Setting file 'C:\xampp\mysql\data\ibtmp1' size to 12 MB. Physically writing the file full; Please wait ...
2025-11-06  9:55:17 0 [Note] InnoDB: File 'C:\xampp\mysql\data\ibtmp1' size is now 12 MB.
2025-11-06  9:55:17 0 [Note] InnoDB: Waiting for purge to start
2025-11-06  9:55:17 0 [Note] InnoDB: 10.4.32 started; log sequence number 1125223; transaction id 1432
2025-11-06  9:55:17 0 [Note] InnoDB: Loading buffer pool(s) from C:\xampp\mysql\data\ib_buffer_pool
2025-11-06  9:55:17 0 [Note] Plugin 'FEEDBACK' is disabled.
2025-11-06  9:55:17 0 [Note] Server socket created on IP: '::'.
2025-11-08 16:00:17 0 [Note] Starting MariaDB 10.4.32-MariaDB source revision c4143f909528e3fab0677a28631d10389354c491 as process 12812
2025-11-08 16:00:17 0 [Note] InnoDB: Mutexes and rw_locks use Windows interlocked functions
2025-11-08 16:00:17 0 [Note] InnoDB: Uses event mutexes
2025-11-08 16:00:17 0 [Note] InnoDB: Compressed tables use zlib 1.3
2025-11-08 16:00:17 0 [Note] InnoDB: Number of pools: 1
2025-11-08 16:00:17 0 [Note] InnoDB: Using SSE2 crc32 instructions
2025-11-08 16:00:17 0 [Note] InnoDB: Initializing buffer pool, total size = 16M, instances = 1, chunk size = 16M
2025-11-08 16:00:17 0 [Note] InnoDB: Completed initialization of buffer pool
2025-11-08 16:00:17 0 [Note] InnoDB: Starting crash recovery from checkpoint LSN=1125646
2025-11-08 16:00:17 0 [Note] InnoDB: 128 out of 128 rollback segments are active.
2025-11-08 16:00:17 0 [Note] InnoDB: Removed temporary tablespace data file: "ibtmp1"
2025-11-08 16:00:17 0 [Note] InnoDB: Creating shared tablespace for temporary tables
2025-11-08 16:00:17 0 [Note] InnoDB: Setting file 'C:\xampp\mysql\data\ibtmp1' size to 12 MB. Physically writing the file full; Please wait ...
2025-11-08 16:00:17 0 [Note] InnoDB: File 'C:\xampp\mysql\data\ibtmp1' size is now 12 MB.
2025-11-08 16:00:17 0 [Note] InnoDB: Waiting for purge to start
2025-11-08 16:00:17 0 [Note] InnoDB: 10.4.32 started; log sequence number 1125655; transaction id 1457
2025-11-08 16:00:17 0 [Note] InnoDB: Loading buffer pool(s) from C:\xampp\mysql\data\ib_buffer_pool
2025-11-08 16:00:17 0 [Note] Plugin 'FEEDBACK' is disabled.
2025-11-08 16:00:17 0 [Note] InnoDB: Buffer pool(s) load completed at 251108 16:00:17
2025-11-08 16:00:17 0 [Note] Server socket created on IP: '::'.
2025-11-09 13:44:50 0 [Note] Starting MariaDB 10.4.32-MariaDB source revision c4143f909528e3fab0677a28631d10389354c491 as process 16644
2025-11-09 13:44:50 0 [Note] InnoDB: Mutexes and rw_locks use Windows interlocked functions
2025-11-09 13:44:50 0 [Note] InnoDB: Uses event mutexes
2025-11-09 13:44:50 0 [Note] InnoDB: Compressed tables use zlib 1.3
2025-11-09 13:44:50 0 [Note] InnoDB: Number of pools: 1
2025-11-09 13:44:50 0 [Note] InnoDB: Using SSE2 crc32 instructions
2025-11-09 13:44:50 0 [Note] InnoDB: Initializing buffer pool, total size = 16M, instances = 1, chunk size = 16M
2025-11-09 13:44:50 0 [Note] InnoDB: Completed initialization of buffer pool
2025-11-09 13:44:50 0 [Note] InnoDB: Starting crash recovery from checkpoint LSN=1127348
2025-11-09 13:44:50 0 [ERROR] InnoDB: Operating system error number 3 in a file operation.
2025-11-09 13:44:50 0 [ERROR] InnoDB: The error means the system cannot find the path specified.
2025-11-09 13:44:50 0 [ERROR] InnoDB: If you are installing InnoDB, remember that you must create directories yourself, InnoDB does not create them.
2025-11-09 13:44:50 0 [ERROR] InnoDB: Cannot open datafile for read-only: '.\farmaciasistema\detalle_venta.ibd' OS error: 203
2025-11-09 13:44:50 0 [ERROR] InnoDB: Operating system error number 203 in a file operation.
2025-11-09 13:44:50 0 [Note] InnoDB: Some operating system error numbers are described at https://mariadb.com/kb/en/library/operating-system-error-codes/
2025-11-09 13:44:50 0 [ERROR] InnoDB: Could not find a valid tablespace file for ``farmaciasistema`.`detalle_venta``. Please refer to https://mariadb.com/kb/en/innodb-data-dictionary-troubleshooting/ for how to resolve the issue.
2025-11-09 13:44:50 0 [Warning] InnoDB: Ignoring tablespace for `farmaciasistema`.`detalle_venta` because it could not be opened.
2025-11-09 13:44:50 0 [ERROR] InnoDB: Operating system error number 3 in a file operation.
2025-11-09 13:44:50 0 [ERROR] InnoDB: The error means the system cannot find the path specified.
2025-11-09 13:44:50 0 [ERROR] InnoDB: If you are installing InnoDB, remember that you must create directories yourself, InnoDB does not create them.
2025-11-09 13:44:50 0 [ERROR] InnoDB: Cannot open datafile for read-only: '.\farmaciasistema\laboratorio.ibd' OS error: 203
2025-11-09 13:44:50 0 [ERROR] InnoDB: Operating system error number 203 in a file operation.
2025-11-09 13:44:50 0 [Note] InnoDB: Some operating system error numbers are described at https://mariadb.com/kb/en/library/operating-system-error-codes/
2025-11-09 13:44:50 0 [ERROR] InnoDB: Could not find a valid tablespace file for ``farmaciasistema`.`laboratorio``. Please refer to https://mariadb.com/kb/en/innodb-data-dictionary-troubleshooting/ for how to resolve the issue.
2025-11-09 13:44:50 0 [Warning] InnoDB: Ignoring tablespace for `farmaciasistema`.`laboratorio` because it could not be opened.
2025-11-09 13:44:50 0 [ERROR] InnoDB: Operating system error number 3 in a file operation.
2025-11-09 13:44:50 0 [ERROR] InnoDB: The error means the system cannot find the path specified.
2025-11-09 13:44:50 0 [ERROR] InnoDB: If you are installing InnoDB, remember that you must create directories yourself, InnoDB does not create them.
2025-11-09 13:44:50 0 [ERROR] InnoDB: Cannot open datafile for read-only: '.\farmaciasistema\lote.ibd' OS error: 203
2025-11-09 13:44:50 0 [ERROR] InnoDB: Operating system error number 203 in a file operation.
2025-11-09 13:44:50 0 [Note] InnoDB: Some operating system error numbers are described at https://mariadb.com/kb/en/library/operating-system-error-codes/
2025-11-09 13:44:50 0 [ERROR] InnoDB: Could not find a valid tablespace file for ``farmaciasistema`.`lote``. Please refer to https://mariadb.com/kb/en/innodb-data-dictionary-troubleshooting/ for how to resolve the issue.
2025-11-09 13:44:50 0 [Warning] InnoDB: Ignoring tablespace for `farmaciasistema`.`lote` because it could not be opened.
2025-11-09 13:44:50 0 [ERROR] InnoDB: Operating system error number 3 in a file operation.
2025-11-09 13:44:50 0 [ERROR] InnoDB: The error means the system cannot find the path specified.
2025-11-09 13:44:50 0 [ERROR] InnoDB: If you are installing InnoDB, remember that you must create directories yourself, InnoDB does not create them.
2025-11-09 13:44:50 0 [ERROR] InnoDB: Cannot open datafile for read-only: '.\farmaciasistema\presentacion.ibd' OS error: 203
2025-11-09 13:44:50 0 [ERROR] InnoDB: Operating system error number 203 in a file operation.
2025-11-09 13:44:50 0 [Note] InnoDB: Some operating system error numbers are described at https://mariadb.com/kb/en/library/operating-system-error-codes/
2025-11-09 13:44:50 0 [ERROR] InnoDB: Could not find a valid tablespace file for ``farmaciasistema`.`presentacion``. Please refer to https://mariadb.com/kb/en/innodb-data-dictionary-troubleshooting/ for how to resolve the issue.
2025-11-09 13:44:50 0 [Warning] InnoDB: Ignoring tablespace for `farmaciasistema`.`presentacion` because it could not be opened.
2025-11-09 13:44:50 0 [ERROR] InnoDB: Operating system error number 3 in a file operation.
2025-11-09 13:44:50 0 [ERROR] InnoDB: The error means the system cannot find the path specified.
2025-11-09 13:44:50 0 [ERROR] InnoDB: If you are installing InnoDB, remember that you must create directories yourself, InnoDB does not create them.
2025-11-09 13:44:50 0 [ERROR] InnoDB: Cannot open datafile for read-only: '.\farmaciasistema\producto.ibd' OS error: 203
2025-11-09 13:44:50 0 [ERROR] InnoDB: Operating system error number 203 in a file operation.
2025-11-09 13:44:50 0 [Note] InnoDB: Some operating system error numbers are described at https://mariadb.com/kb/en/library/operating-system-error-codes/
2025-11-09 13:44:50 0 [ERROR] InnoDB: Could not find a valid tablespace file for ``farmaciasistema`.`producto``. Please refer to https://mariadb.com/kb/en/innodb-data-dictionary-troubleshooting/ for how to resolve the issue.
2025-11-09 13:44:50 0 [Warning] InnoDB: Ignoring tablespace for `farmaciasistema`.`producto` because it could not be opened.
2025-11-09 13:44:50 0 [ERROR] InnoDB: Operating system error number 3 in a file operation.
2025-11-09 13:44:50 0 [ERROR] InnoDB: The error means the system cannot find the path specified.
2025-11-09 13:44:50 0 [ERROR] InnoDB: If you are installing InnoDB, remember that you must create directories yourself, InnoDB does not create them.
2025-11-09 13:44:50 0 [ERROR] InnoDB: Cannot open datafile for read-only: '.\farmaciasistema\proveedor.ibd' OS error: 203
2025-11-09 13:44:50 0 [ERROR] InnoDB: Operating system error number 203 in a file operation.
2025-11-09 13:44:50 0 [Note] InnoDB: Some operating system error numbers are described at https://mariadb.com/kb/en/library/operating-system-error-codes/
2025-11-09 13:44:50 0 [ERROR] InnoDB: Could not find a valid tablespace file for ``farmaciasistema`.`proveedor``. Please refer to https://mariadb.com/kb/en/innodb-data-dictionary-troubleshooting/ for how to resolve the issue.
2025-11-09 13:44:50 0 [Warning] InnoDB: Ignoring tablespace for `farmaciasistema`.`proveedor` because it could not be opened.
2025-11-09 13:44:51 0 [ERROR] InnoDB: Operating system error number 3 in a file operation.
2025-11-09 13:44:51 0 [ERROR] InnoDB: The error means the system cannot find the path specified.
2025-11-09 13:44:51 0 [ERROR] InnoDB: If you are installing InnoDB, remember that you must create directories yourself, InnoDB does not create them.
2025-11-09 13:44:51 0 [ERROR] InnoDB: Cannot open datafile for read-only: '.\farmaciasistema\tipo_producto.ibd' OS error: 203
2025-11-09 13:44:51 0 [ERROR] InnoDB: Operating system error number 203 in a file operation.
2025-11-09 13:44:51 0 [Note] InnoDB: Some operating system error numbers are described at https://mariadb.com/kb/en/library/operating-system-error-codes/
2025-11-09 13:44:51 0 [ERROR] InnoDB: Could not find a valid tablespace file for ``farmaciasistema`.`tipo_producto``. Please refer to https://mariadb.com/kb/en/innodb-data-dictionary-troubleshooting/ for how to resolve the issue.
2025-11-09 13:44:51 0 [Warning] InnoDB: Ignoring tablespace for `farmaciasistema`.`tipo_producto` because it could not be opened.
2025-11-09 13:44:51 0 [ERROR] InnoDB: Operating system error number 3 in a file operation.
2025-11-09 13:44:51 0 [ERROR] InnoDB: The error means the system cannot find the path specified.
2025-11-09 13:44:51 0 [ERROR] InnoDB: If you are installing InnoDB, remember that you must create directories yourself, InnoDB does not create them.
2025-11-09 13:44:51 0 [ERROR] InnoDB: Cannot open datafile for read-only: '.\farmaciasistema\tipo_us.ibd' OS error: 203
2025-11-09 13:44:51 0 [ERROR] InnoDB: Operating system error number 203 in a file operation.
2025-11-09 13:44:51 0 [Note] InnoDB: Some operating system error numbers are described at https://mariadb.com/kb/en/library/operating-system-error-codes/
2025-11-09 13:44:51 0 [ERROR] InnoDB: Could not find a valid tablespace file for ``farmaciasistema`.`tipo_us``. Please refer to https://mariadb.com/kb/en/innodb-data-dictionary-troubleshooting/ for how to resolve the issue.
2025-11-09 13:44:51 0 [Warning] InnoDB: Ignoring tablespace for `farmaciasistema`.`tipo_us` because it could not be opened.
2025-11-09 13:44:51 0 [ERROR] InnoDB: Operating system error number 3 in a file operation.
2025-11-09 13:44:51 0 [ERROR] InnoDB: The error means the system cannot find the path specified.
2025-11-09 13:44:51 0 [ERROR] InnoDB: If you are installing InnoDB, remember that you must create directories yourself, InnoDB does not create them.
2025-11-09 13:44:51 0 [ERROR] InnoDB: Cannot open datafile for read-only: '.\farmaciasistema\usuario.ibd' OS error: 203
2025-11-09 13:44:51 0 [ERROR] InnoDB: Operating system error number 203 in a file operation.
2025-11-09 13:44:51 0 [Note] InnoDB: Some operating system error numbers are described at https://mariadb.com/kb/en/library/operating-system-error-codes/
2025-11-09 13:44:51 0 [ERROR] InnoDB: Could not find a valid tablespace file for ``farmaciasistema`.`usuario``. Please refer to https://mariadb.com/kb/en/innodb-data-dictionary-troubleshooting/ for how to resolve the issue.
2025-11-09 13:44:51 0 [Warning] InnoDB: Ignoring tablespace for `farmaciasistema`.`usuario` because it could not be opened.
2025-11-09 13:44:51 0 [ERROR] InnoDB: Operating system error number 3 in a file operation.
2025-11-09 13:44:51 0 [ERROR] InnoDB: The error means the system cannot find the path specified.
2025-11-09 13:44:51 0 [ERROR] InnoDB: If you are installing InnoDB, remember that you must create directories yourself, InnoDB does not create them.
2025-11-09 13:44:51 0 [ERROR] InnoDB: Cannot open datafile for read-only: '.\farmaciasistema\venta.ibd' OS error: 203
2025-11-09 13:44:51 0 [ERROR] InnoDB: Operating system error number 203 in a file operation.
2025-11-09 13:44:51 0 [Note] InnoDB: Some operating system error numbers are described at https://mariadb.com/kb/en/library/operating-system-error-codes/
2025-11-09 13:44:51 0 [ERROR] InnoDB: Could not find a valid tablespace file for ``farmaciasistema`.`venta``. Please refer to https://mariadb.com/kb/en/innodb-data-dictionary-troubleshooting/ for how to resolve the issue.
2025-11-09 13:44:51 0 [Warning] InnoDB: Ignoring tablespace for `farmaciasistema`.`venta` because it could not be opened.
2025-11-09 13:44:51 0 [ERROR] InnoDB: Operating system error number 3 in a file operation.
2025-11-09 13:44:51 0 [ERROR] InnoDB: The error means the system cannot find the path specified.
2025-11-09 13:44:51 0 [ERROR] InnoDB: If you are installing InnoDB, remember that you must create directories yourself, InnoDB does not create them.
2025-11-09 13:44:51 0 [ERROR] InnoDB: Cannot open datafile for read-only: '.\farmaciasistema\venta_mensual.ibd' OS error: 203
2025-11-09 13:44:51 0 [ERROR] InnoDB: Operating system error number 203 in a file operation.
2025-11-09 13:44:51 0 [Note] InnoDB: Some operating system error numbers are described at https://mariadb.com/kb/en/library/operating-system-error-codes/
2025-11-09 13:44:51 0 [ERROR] InnoDB: Could not find a valid tablespace file for ``farmaciasistema`.`venta_mensual``. Please refer to https://mariadb.com/kb/en/innodb-data-dictionary-troubleshooting/ for how to resolve the issue.
2025-11-09 13:44:51 0 [Warning] InnoDB: Ignoring tablespace for `farmaciasistema`.`venta_mensual` because it could not be opened.
2025-11-09 13:44:51 0 [ERROR] InnoDB: Operating system error number 3 in a file operation.
2025-11-09 13:44:51 0 [ERROR] InnoDB: The error means the system cannot find the path specified.
2025-11-09 13:44:51 0 [ERROR] InnoDB: If you are installing InnoDB, remember that you must create directories yourself, InnoDB does not create them.
2025-11-09 13:44:51 0 [ERROR] InnoDB: Cannot open datafile for read-only: '.\farmaciasistema\venta_producto.ibd' OS error: 203
2025-11-09 13:44:51 0 [ERROR] InnoDB: Operating system error number 203 in a file operation.
2025-11-09 13:44:51 0 [Note] InnoDB: Some operating system error numbers are described at https://mariadb.com/kb/en/library/operating-system-error-codes/
2025-11-09 13:44:51 0 [ERROR] InnoDB: Could not find a valid tablespace file for ``farmaciasistema`.`venta_producto``. Please refer to https://mariadb.com/kb/en/innodb-data-dictionary-troubleshooting/ for how to resolve the issue.
2025-11-09 13:44:51 0 [Warning] InnoDB: Ignoring tablespace for `farmaciasistema`.`venta_producto` because it could not be opened.
2025-11-09 13:44:51 0 [Note] InnoDB: 128 out of 128 rollback segments are active.
2025-11-09 13:44:51 0 [Note] InnoDB: Removed temporary tablespace data file: "ibtmp1"
2025-11-09 13:44:51 0 [Note] InnoDB: Creating shared tablespace for temporary tables
2025-11-09 13:44:51 0 [Note] InnoDB: Setting file 'C:\xampp\mysql\data\ibtmp1' size to 12 MB. Physically writing the file full; Please wait ...
2025-11-09 13:44:51 0 [Note] InnoDB: File 'C:\xampp\mysql\data\ibtmp1' size is now 12 MB.
2025-11-09 13:44:51 0 [Note] InnoDB: Waiting for purge to start
2025-11-09 13:44:51 0 [Note] InnoDB: Waiting for purge to start
2025-11-09 13:44:51 0 [Note] InnoDB: 10.4.32 started; log sequence number 1127357; transaction id 1494
2025-11-09 13:44:51 0 [Note] InnoDB: Loading buffer pool(s) from C:\xampp\mysql\data\ib_buffer_pool
2025-11-09 13:44:51 0 [Note] InnoDB: Buffer pool(s) load completed at 251109 13:44:51
2025-11-09 13:44:51 0 [Note] Plugin 'FEEDBACK' is disabled.
2025-11-09 13:44:51 0 [Note] Server socket created on IP: '::'.
2025-11-09 15:14:01 0 [Note] Starting MariaDB 10.4.32-MariaDB source revision c4143f909528e3fab0677a28631d10389354c491 as process 10356
2025-11-09 15:14:01 0 [Note] InnoDB: Mutexes and rw_locks use Windows interlocked functions
2025-11-09 15:14:01 0 [Note] InnoDB: Uses event mutexes
2025-11-09 15:14:01 0 [Note] InnoDB: Compressed tables use zlib 1.3
2025-11-09 15:14:01 0 [Note] InnoDB: Number of pools: 1
2025-11-09 15:14:01 0 [Note] InnoDB: Using SSE2 crc32 instructions
2025-11-09 15:14:01 0 [Note] InnoDB: Initializing buffer pool, total size = 16M, instances = 1, chunk size = 16M
2025-11-09 15:14:01 0 [Note] InnoDB: Completed initialization of buffer pool
2025-11-09 15:14:01 0 [Note] InnoDB: Starting crash recovery from checkpoint LSN=1133703
2025-11-09 15:14:01 0 [Note] InnoDB: 128 out of 128 rollback segments are active.
2025-11-09 15:14:01 0 [Note] InnoDB: Removed temporary tablespace data file: "ibtmp1"
2025-11-09 15:14:01 0 [Note] InnoDB: Creating shared tablespace for temporary tables
2025-11-09 15:14:01 0 [Note] InnoDB: Setting file 'C:\xampp\mysql\data\ibtmp1' size to 12 MB. Physically writing the file full; Please wait ...
2025-11-09 15:14:01 0 [Note] InnoDB: File 'C:\xampp\mysql\data\ibtmp1' size is now 12 MB.
2025-11-09 15:14:01 0 [Note] InnoDB: Waiting for purge to start
2025-11-09 15:14:01 0 [Note] InnoDB: 10.4.32 started; log sequence number 1133712; transaction id 1541
2025-11-09 15:14:01 0 [Note] InnoDB: Loading buffer pool(s) from C:\xampp\mysql\data\ib_buffer_pool
2025-11-09 15:14:01 0 [Note] Plugin 'FEEDBACK' is disabled.
2025-11-09 15:14:01 0 [Note] Server socket created on IP: '::'.
2025-11-10 22:48:42 0 [Note] Starting MariaDB 10.4.32-MariaDB source revision c4143f909528e3fab0677a28631d10389354c491 as process 14484
2025-11-10 22:48:42 0 [Note] InnoDB: Mutexes and rw_locks use Windows interlocked functions
2025-11-10 22:48:42 0 [Note] InnoDB: Uses event mutexes
2025-11-10 22:48:42 0 [Note] InnoDB: Compressed tables use zlib 1.3
2025-11-10 22:48:42 0 [Note] InnoDB: Number of pools: 1
2025-11-10 22:48:42 0 [Note] InnoDB: Using SSE2 crc32 instructions
2025-11-10 22:48:42 0 [Note] InnoDB: Initializing buffer pool, total size = 16M, instances = 1, chunk size = 16M
2025-11-10 22:48:42 0 [Note] InnoDB: Completed initialization of buffer pool
2025-11-10 22:48:42 0 [Note] InnoDB: Starting crash recovery from checkpoint LSN=1181992
2025-11-10 22:48:43 0 [Note] InnoDB: 128 out of 128 rollback segments are active.
2025-11-10 22:48:43 0 [Note] InnoDB: Removed temporary tablespace data file: "ibtmp1"
2025-11-10 22:48:43 0 [Note] InnoDB: Creating shared tablespace for temporary tables
2025-11-10 22:48:43 0 [Note] InnoDB: Setting file 'C:\xampp\mysql\data\ibtmp1' size to 12 MB. Physically writing the file full; Please wait ...
2025-11-10 22:48:43 0 [Note] InnoDB: File 'C:\xampp\mysql\data\ibtmp1' size is now 12 MB.
2025-11-10 22:48:43 0 [Note] InnoDB: Waiting for purge to start
2025-11-10 22:48:43 0 [Note] InnoDB: 10.4.32 started; log sequence number 1182001; transaction id 1710
2025-11-10 22:48:43 0 [Note] InnoDB: Loading buffer pool(s) from C:\xampp\mysql\data\ib_buffer_pool
2025-11-10 22:48:43 0 [Note] Plugin 'FEEDBACK' is disabled.
2025-11-10 22:48:43 0 [Note] InnoDB: Buffer pool(s) load completed at 251110 22:48:43
2025-11-10 22:48:43 0 [Note] Server socket created on IP: '::'.
2025-11-11 16:27:07 0 [Note] Starting MariaDB 10.4.32-MariaDB source revision c4143f909528e3fab0677a28631d10389354c491 as process 6404
2025-11-11 16:27:07 0 [Note] InnoDB: Mutexes and rw_locks use Windows interlocked functions
2025-11-11 16:27:07 0 [Note] InnoDB: Uses event mutexes
2025-11-11 16:27:07 0 [Note] InnoDB: Compressed tables use zlib 1.3
2025-11-11 16:27:07 0 [Note] InnoDB: Number of pools: 1
2025-11-11 16:27:07 0 [Note] InnoDB: Using SSE2 crc32 instructions
2025-11-11 16:27:07 0 [Note] InnoDB: Initializing buffer pool, total size = 16M, instances = 1, chunk size = 16M
2025-11-11 16:27:07 0 [Note] InnoDB: Completed initialization of buffer pool
2025-11-11 16:27:07 0 [Note] InnoDB: Starting crash recovery from checkpoint LSN=1182010
2025-11-11 16:27:07 0 [Note] InnoDB: 128 out of 128 rollback segments are active.
2025-11-11 16:27:07 0 [Note] InnoDB: Removed temporary tablespace data file: "ibtmp1"
2025-11-11 16:27:07 0 [Note] InnoDB: Creating shared tablespace for temporary tables
2025-11-11 16:27:07 0 [Note] InnoDB: Setting file 'C:\xampp\mysql\data\ibtmp1' size to 12 MB. Physically writing the file full; Please wait ...
2025-11-11 16:27:07 0 [Note] InnoDB: File 'C:\xampp\mysql\data\ibtmp1' size is now 12 MB.
2025-11-11 16:27:07 0 [Note] InnoDB: Waiting for purge to start
2025-11-11 16:27:07 0 [Note] InnoDB: 10.4.32 started; log sequence number 1182019; transaction id 1710
2025-11-11 16:27:07 0 [Note] InnoDB: Loading buffer pool(s) from C:\xampp\mysql\data\ib_buffer_pool
2025-11-11 16:27:07 0 [Note] Plugin 'FEEDBACK' is disabled.
2025-11-11 16:27:07 0 [Note] Server socket created on IP: '::'.
2025-11-11 16:37:47 0 [Note] Starting MariaDB 10.4.32-MariaDB source revision c4143f909528e3fab0677a28631d10389354c491 as process 20588
2025-11-11 16:37:47 0 [Note] InnoDB: Mutexes and rw_locks use Windows interlocked functions
2025-11-11 16:37:47 0 [Note] InnoDB: Uses event mutexes
2025-11-11 16:37:47 0 [Note] InnoDB: Compressed tables use zlib 1.3
2025-11-11 16:37:47 0 [Note] InnoDB: Number of pools: 1
2025-11-11 16:37:47 0 [Note] InnoDB: Using SSE2 crc32 instructions
2025-11-11 16:37:47 0 [Note] InnoDB: Initializing buffer pool, total size = 16M, instances = 1, chunk size = 16M
2025-11-11 16:37:47 0 [Note] InnoDB: Completed initialization of buffer pool
2025-11-11 16:37:47 0 [Note] InnoDB: Starting crash recovery from checkpoint LSN=1182028
2025-11-11 16:37:47 0 [Note] InnoDB: 128 out of 128 rollback segments are active.
2025-11-11 16:37:47 0 [Note] InnoDB: Removed temporary tablespace data file: "ibtmp1"
2025-11-11 16:37:47 0 [Note] InnoDB: Creating shared tablespace for temporary tables
2025-11-11 16:37:47 0 [Note] InnoDB: Setting file 'C:\xampp\mysql\data\ibtmp1' size to 12 MB. Physically writing the file full; Please wait ...
2025-11-11 16:37:47 0 [Note] InnoDB: File 'C:\xampp\mysql\data\ibtmp1' size is now 12 MB.
2025-11-11 16:37:47 0 [Note] InnoDB: Waiting for purge to start
2025-11-11 16:37:47 0 [Note] InnoDB: 10.4.32 started; log sequence number 1182037; transaction id 1710
2025-11-11 16:37:47 0 [Note] InnoDB: Loading buffer pool(s) from C:\xampp\mysql\data\ib_buffer_pool
2025-11-11 16:37:47 0 [Note] Plugin 'FEEDBACK' is disabled.
2025-11-11 16:37:47 0 [Note] Server socket created on IP: '::'.
2025-11-11 16:37:47 0 [Note] InnoDB: Buffer pool(s) load completed at 251111 16:37:47
2025-11-11 16:37:47 0 [Note] Reading of all Master_info entries succeeded
2025-11-11 16:37:47 0 [Note] Added new Master_info '' to hash table
2025-11-11 16:37:47 0 [Note] C:\xampp\mysql\bin\mysqld.exe: ready for connections.
Version: '10.4.32-MariaDB'  socket: ''  port: 3308  mariadb.org binary distribution
2025-11-11 17:06:15 9 [Warning] InnoDB: Table farmaciasistema/usuario contains 7 user defined columns in InnoDB, but 12 columns in MariaDB. Please check INFORMATION_SCHEMA.INNODB_SYS_COLUMNS and https://mariadb.com/kb/en/innodb-data-dictionary-troubleshooting/ for how to resolve the issue.
2025-11-11 17:06:15 9 [ERROR] mysqld.exe: Table 'usuario' is marked as crashed and should be repaired
2025-11-11 17:06:31 10 [ERROR] InnoDB: Table `farmaciasistema`.`usuario` is corrupted. Please drop the table and recreate.
2025-11-11 17:07:24 11 [ERROR] InnoDB: Table `farmaciasistema`.`usuario` is corrupted. Please drop the table and recreate.
2025-11-11 17:08:17 12 [ERROR] InnoDB: Table `farmaciasistema`.`usuario` is corrupted. Please drop the table and recreate.
2025-11-11 17:11:42 0 [Note] C:\xampp\mysql\bin\mysqld.exe (initiated by: unknown): Normal shutdown
2025-11-11 17:11:42 0 [Note] Event Scheduler: Purging the queue. 0 events
2025-11-11 17:11:42 0 [Note] InnoDB: FTS optimize thread exiting.
2025-11-11 17:11:43 0 [Note] InnoDB: Starting shutdown...
2025-11-11 17:11:43 0 [Note] InnoDB: Dumping buffer pool(s) to C:\xampp\mysql\data\ib_buffer_pool
2025-11-11 17:11:43 0 [Note] InnoDB: Instance 0, restricted to 250 pages due to innodb_buf_pool_dump_pct=25
2025-11-11 17:11:43 0 [Note] InnoDB: Buffer pool(s) dump completed at 251111 17:11:43
2025-11-11 17:11:44 0 [Note] InnoDB: Removed temporary tablespace data file: "ibtmp1"
2025-11-11 17:11:44 0 [Note] InnoDB: Shutdown completed; log sequence number 1182055; transaction id 1711
2025-11-11 17:11:44 0 [Note] C:\xampp\mysql\bin\mysqld.exe: Shutdown complete

2025-11-11 17:12:11 0 [Note] Starting MariaDB 10.4.32-MariaDB source revision c4143f909528e3fab0677a28631d10389354c491 as process 1644
2025-11-11 17:12:11 0 [Note] InnoDB: Mutexes and rw_locks use Windows interlocked functions
2025-11-11 17:12:11 0 [Note] InnoDB: Uses event mutexes
2025-11-11 17:12:11 0 [Note] InnoDB: Compressed tables use zlib 1.3
2025-11-11 17:12:11 0 [Note] InnoDB: Number of pools: 1
2025-11-11 17:12:11 0 [Note] InnoDB: Using SSE2 crc32 instructions
2025-11-11 17:12:11 0 [Note] InnoDB: Initializing buffer pool, total size = 16M, instances = 1, chunk size = 16M
2025-11-11 17:12:11 0 [Note] InnoDB: Completed initialization of buffer pool
2025-11-11 17:12:11 0 [Note] InnoDB: 128 out of 128 rollback segments are active.
2025-11-11 17:12:11 0 [Note] InnoDB: Creating shared tablespace for temporary tables
2025-11-11 17:12:11 0 [Note] InnoDB: Setting file 'C:\xampp\mysql\data\ibtmp1' size to 12 MB. Physically writing the file full; Please wait ...
2025-11-11 17:12:11 0 [Note] InnoDB: File 'C:\xampp\mysql\data\ibtmp1' size is now 12 MB.
2025-11-11 17:12:11 0 [Note] InnoDB: Waiting for purge to start
2025-11-11 17:12:11 0 [Note] InnoDB: 10.4.32 started; log sequence number 1182055; transaction id 1710
2025-11-11 17:12:11 0 [Note] InnoDB: Loading buffer pool(s) from C:\xampp\mysql\data\ib_buffer_pool
2025-11-11 17:12:11 0 [Note] Plugin 'FEEDBACK' is disabled.
2025-11-11 17:12:11 0 [Note] Server socket created on IP: '::'.
2025-11-11 17:12:11 0 [Note] InnoDB: Buffer pool(s) load completed at 251111 17:12:11
2025-11-11 17:12:12 0 [Note] Reading of all Master_info entries succeeded
2025-11-11 17:12:12 0 [Note] Added new Master_info '' to hash table
2025-11-11 17:12:12 0 [Note] C:\xampp\mysql\bin\mysqld.exe: ready for connections.
Version: '10.4.32-MariaDB'  socket: ''  port: 3308  mariadb.org binary distribution
2025-11-11 17:12:13 0 [Note] C:\xampp\mysql\bin\mysqld.exe (initiated by: unknown): Normal shutdown
2025-11-11 17:12:13 0 [Note] Event Scheduler: Purging the queue. 0 events
2025-11-11 17:12:13 0 [Note] InnoDB: FTS optimize thread exiting.
2025-11-11 17:12:13 0 [Note] InnoDB: Starting shutdown...
2025-11-11 17:12:13 0 [Note] InnoDB: Dumping buffer pool(s) to C:\xampp\mysql\data\ib_buffer_pool
2025-11-11 17:12:13 0 [Note] InnoDB: Instance 0, restricted to 250 pages due to innodb_buf_pool_dump_pct=25
2025-11-11 17:12:13 0 [Note] InnoDB: Buffer pool(s) dump completed at 251111 17:12:13
2025-11-11 17:12:15 0 [Note] InnoDB: Removed temporary tablespace data file: "ibtmp1"
2025-11-11 17:12:15 0 [Note] InnoDB: Shutdown completed; log sequence number 1182064; transaction id 1711
2025-11-11 17:12:15 0 [Note] C:\xampp\mysql\bin\mysqld.exe: Shutdown complete

2025-11-11 17:13:03 0 [Note] Starting MariaDB 10.4.32-MariaDB source revision c4143f909528e3fab0677a28631d10389354c491 as process 2700
2025-11-11 17:13:03 0 [Note] InnoDB: Mutexes and rw_locks use Windows interlocked functions
2025-11-11 17:13:03 0 [Note] InnoDB: Uses event mutexes
2025-11-11 17:13:03 0 [Note] InnoDB: Compressed tables use zlib 1.3
2025-11-11 17:13:03 0 [Note] InnoDB: Number of pools: 1
2025-11-11 17:13:03 0 [Note] InnoDB: Using SSE2 crc32 instructions
2025-11-11 17:13:03 0 [Note] InnoDB: Initializing buffer pool, total size = 16M, instances = 1, chunk size = 16M
2025-11-11 17:13:03 0 [Note] InnoDB: Completed initialization of buffer pool
2025-11-11 17:13:03 0 [Note] InnoDB: 128 out of 128 rollback segments are active.
2025-11-11 17:13:03 0 [Note] InnoDB: Creating shared tablespace for temporary tables
2025-11-11 17:13:03 0 [Note] InnoDB: Setting file 'C:\xampp\mysql\data\ibtmp1' size to 12 MB. Physically writing the file full; Please wait ...
2025-11-11 17:13:03 0 [Note] InnoDB: File 'C:\xampp\mysql\data\ibtmp1' size is now 12 MB.
2025-11-11 17:13:03 0 [Note] InnoDB: Waiting for purge to start
2025-11-11 17:13:03 0 [Note] InnoDB: 10.4.32 started; log sequence number 1182064; transaction id 1710
2025-11-11 17:13:03 0 [Note] InnoDB: Loading buffer pool(s) from C:\xampp\mysql\data\ib_buffer_pool
2025-11-11 17:13:03 0 [Note] Plugin 'FEEDBACK' is disabled.
2025-11-11 17:13:03 0 [Note] Server socket created on IP: '::'.
2025-11-11 17:13:03 0 [Note] InnoDB: Buffer pool(s) load completed at 251111 17:13:03
2025-11-11 17:13:03 0 [Note] Reading of all Master_info entries succeeded
2025-11-11 17:13:03 0 [Note] Added new Master_info '' to hash table
2025-11-11 17:13:03 0 [Note] C:\xampp\mysql\bin\mysqld.exe: ready for connections.
Version: '10.4.32-MariaDB'  socket: ''  port: 3306  mariadb.org binary distribution
2025-11-11 17:13:08 9 [ERROR] Invalid (old?) table or database name '0101-mas'
2025-11-11 17:13:08 9 [ERROR] Invalid (old?) table or database name '0101-mas'
2025-11-11 17:13:08 9 [ERROR] Invalid (old?) table or database name '0101-mas'
2025-11-11 17:13:08 9 [ERROR] Invalid (old?) table or database name '0101-mas'
2025-11-11 17:13:10 13 [ERROR] Invalid (old?) table or database name '0101-mas'
2025-11-11 17:13:10 13 [ERROR] Invalid (old?) table or database name '0101-mas'
2025-11-11 17:13:10 13 [ERROR] Invalid (old?) table or database name '0101-mas'
2025-11-11 17:13:10 13 [ERROR] Invalid (old?) table or database name '0101-mas'
2025-11-11 17:13:20 22 [Warning] InnoDB: Table farmaciasistema/usuario contains 7 user defined columns in InnoDB, but 12 columns in MariaDB. Please check INFORMATION_SCHEMA.INNODB_SYS_COLUMNS and https://mariadb.com/kb/en/innodb-data-dictionary-troubleshooting/ for how to resolve the issue.
2025-11-11 17:13:20 22 [ERROR] mysqld.exe: Table 'usuario' is marked as crashed and should be repaired
2025-11-11 17:13:31 23 [ERROR] InnoDB: Table `farmaciasistema`.`usuario` is corrupted. Please drop the table and recreate.
2025-11-11 17:14:04 25 [ERROR] InnoDB: Table `farmaciasistema`.`usuario` is corrupted. Please drop the table and recreate.
2025-11-11 17:14:04 27 [ERROR] Invalid (old?) table or database name '0101-mas'
2025-11-11 17:14:04 27 [ERROR] Invalid (old?) table or database name '0101-mas'
2025-11-11 17:14:04 27 [ERROR] Invalid (old?) table or database name '0101-mas'
2025-11-11 17:14:04 27 [ERROR] Invalid (old?) table or database name '0101-mas'
2025-11-11 17:14:05 29 [ERROR] Invalid (old?) table or database name '0101-mas'
2025-11-11 17:14:05 29 [ERROR] Invalid (old?) table or database name '0101-mas'
2025-11-11 17:14:05 31 [ERROR] Invalid (old?) table or database name '0101-mas'
2025-11-11 17:14:05 31 [ERROR] Invalid (old?) table or database name '0101-mas'
2025-11-11 17:14:07 33 [ERROR] InnoDB: Table `farmaciasistema`.`usuario` is corrupted. Please drop the table and recreate.
2025-11-11 17:14:14 35 [ERROR] InnoDB: Table `farmaciasistema`.`usuario` is corrupted. Please drop the table and recreate.
2025-11-11 17:14:40 37 [ERROR] InnoDB: Table `farmaciasistema`.`usuario` is corrupted. Please drop the table and recreate.
2025-11-11 17:14:47 39 [ERROR] InnoDB: Table `farmaciasistema`.`usuario` is corrupted. Please drop the table and recreate.
2025-11-11 17:14:47 39 [ERROR] InnoDB: Table `farmaciasistema`.`usuario` is corrupted. Please drop the table and recreate.
2025-11-11 17:14:47 39 [ERROR] Invalid (old?) table or database name '0101-mas'
2025-11-11 17:14:47 39 [ERROR] Invalid (old?) table or database name '0101-mas'
2025-11-11 17:14:47 39 [ERROR] Invalid (old?) table or database name '0101-mas'
2025-11-11 17:14:47 39 [ERROR] Invalid (old?) table or database name '0101-mas'
2025-11-11 17:14:47 39 [ERROR] InnoDB: Table `farmaciasistema`.`usuario` is corrupted. Please drop the table and recreate.
2025-11-11 17:14:49 45 [ERROR] Invalid (old?) table or database name '0101-mas'
2025-11-11 17:14:49 45 [ERROR] Invalid (old?) table or database name '0101-mas'
2025-11-11 17:14:49 45 [ERROR] Invalid (old?) table or database name '0101-mas'
2025-11-11 17:14:49 45 [ERROR] Invalid (old?) table or database name '0101-mas'
2025-11-11 17:14:51 51 [ERROR] InnoDB: Table `farmaciasistema`.`usuario` is corrupted. Please drop the table and recreate.
2025-11-11 17:15:51 97 [ERROR] InnoDB: Table `farmaciasistema`.`usuario` is corrupted. Please drop the table and recreate.
2025-11-11 17:16:35 99 [ERROR] InnoDB: Table `farmaciasistema`.`usuario` is corrupted. Please drop the table and recreate.
2025-11-11 17:16:57 117 [ERROR] InnoDB: Table `farmaciasistema`.`usuario` is corrupted. Please drop the table and recreate.
2025-11-11 17:16:58 119 [ERROR] Invalid (old?) table or database name '0101-mas'
2025-11-11 17:16:58 119 [ERROR] Invalid (old?) table or database name '0101-mas'
2025-11-11 17:16:58 119 [ERROR] Invalid (old?) table or database name '0101-mas'
2025-11-11 17:16:58 119 [ERROR] Invalid (old?) table or database name '0101-mas'
2025-11-11 17:17:28 121 [ERROR] InnoDB: Table `farmaciasistema`.`usuario` is corrupted. Please drop the table and recreate.
2025-11-11 17:17:31 123 [ERROR] Invalid (old?) table or database name '0101-mas'
2025-11-11 17:17:31 123 [ERROR] Invalid (old?) table or database name '0101-mas'
2025-11-11 17:17:31 123 [ERROR] Invalid (old?) table or database name '0101-mas'
2025-11-11 17:17:31 123 [ERROR] Invalid (old?) table or database name '0101-mas'
2025-11-11 17:18:04 125 [ERROR] InnoDB: Table `farmaciasistema`.`usuario` is corrupted. Please drop the table and recreate.
2025-11-11 17:18:11 127 [ERROR] InnoDB: Table `farmaciasistema`.`usuario` is corrupted. Please drop the table and recreate.
2025-11-11 17:18:12 129 [ERROR] Invalid (old?) table or database name '0101-mas'
2025-11-11 17:18:12 129 [ERROR] Invalid (old?) table or database name '0101-mas'
2025-11-11 17:18:13 129 [ERROR] Invalid (old?) table or database name '0101-mas'
2025-11-11 17:18:13 129 [ERROR] Invalid (old?) table or database name '0101-mas'
2025-11-11 17:18:18 131 [ERROR] InnoDB: Table `farmaciasistema`.`usuario` is corrupted. Please drop the table and recreate.
2025-11-11 17:18:19 133 [ERROR] Invalid (old?) table or database name '0101-mas'
2025-11-11 17:18:19 133 [ERROR] Invalid (old?) table or database name '0101-mas'
2025-11-11 17:18:19 133 [ERROR] Invalid (old?) table or database name '0101-mas'
2025-11-11 17:18:19 133 [ERROR] Invalid (old?) table or database name '0101-mas'
2025-11-11 17:19:41 135 [ERROR] InnoDB: Table `farmaciasistema`.`usuario` is corrupted. Please drop the table and recreate.
2025-11-11 17:19:42 137 [ERROR] Invalid (old?) table or database name '0101-mas'
2025-11-11 17:19:42 137 [ERROR] Invalid (old?) table or database name '0101-mas'
2025-11-11 17:19:42 137 [ERROR] Invalid (old?) table or database name '0101-mas'
2025-11-11 17:19:42 137 [ERROR] Invalid (old?) table or database name '0101-mas'
2025-11-11 17:19:44 139 [ERROR] InnoDB: Table `farmaciasistema`.`usuario` is corrupted. Please drop the table and recreate.
2025-11-11 17:19:44 141 [ERROR] Invalid (old?) table or database name '0101-mas'
2025-11-11 17:19:44 141 [ERROR] Invalid (old?) table or database name '0101-mas'
2025-11-11 17:19:44 141 [ERROR] Invalid (old?) table or database name '0101-mas'
2025-11-11 17:19:44 141 [ERROR] Invalid (old?) table or database name '0101-mas'
2025-11-11 17:20:01 145 [ERROR] Invalid (old?) table or database name '0101-mas'
2025-11-11 17:20:01 145 [ERROR] Invalid (old?) table or database name '0101-mas'
2025-11-11 17:20:01 145 [ERROR] Invalid (old?) table or database name '0101-mas'
2025-11-11 17:20:01 145 [ERROR] Invalid (old?) table or database name '0101-mas'
2025-11-11 17:20:01 147 [ERROR] Invalid (old?) table or database name '0101-mas'
2025-11-11 17:20:01 147 [ERROR] Invalid (old?) table or database name '0101-mas'
2025-11-11 17:20:02 149 [ERROR] Invalid (old?) table or database name '0101-mas'
2025-11-11 17:20:02 149 [ERROR] Invalid (old?) table or database name '0101-mas'
2025-11-11 17:20:02 149 [ERROR] Invalid (old?) table or database name '0101-mas'
2025-11-11 17:20:02 149 [ERROR] Invalid (old?) table or database name '0101-mas'
2025-11-11 17:20:03 151 [ERROR] Invalid (old?) table or database name '0101-mas'
2025-11-11 17:20:03 151 [ERROR] Invalid (old?) table or database name '0101-mas'
2025-11-11 17:20:04 153 [ERROR] Invalid (old?) table or database name '0101-mas'
2025-11-11 17:20:04 153 [ERROR] Invalid (old?) table or database name '0101-mas'
2025-11-11 17:20:04 153 [ERROR] Invalid (old?) table or database name '0101-mas'
2025-11-11 17:20:04 153 [ERROR] Invalid (old?) table or database name '0101-mas'
2025-11-11 17:20:19 155 [ERROR] Invalid (old?) table or database name '0101-mas'
2025-11-11 17:20:19 155 [ERROR] Invalid (old?) table or database name '0101-mas'
2025-11-11 17:20:19 157 [ERROR] Invalid (old?) table or database name '0101-mas'
2025-11-11 17:20:19 157 [ERROR] Invalid (old?) table or database name '0101-mas'
2025-11-11 17:20:19 157 [ERROR] Invalid (old?) table or database name '0101-mas'
2025-11-11 17:20:19 157 [ERROR] Invalid (old?) table or database name '0101-mas'
2025-11-11 17:20:26 161 [ERROR] Invalid (old?) table or database name '0101-mas'
2025-11-11 17:20:26 161 [ERROR] Invalid (old?) table or database name '0101-mas'
2025-11-11 17:20:26 161 [ERROR] Invalid (old?) table or database name '0101-mas'
2025-11-11 17:20:26 161 [ERROR] Invalid (old?) table or database name '0101-mas'
2025-11-11 17:20:27 165 [ERROR] Invalid (old?) table or database name '0101-mas'
2025-11-11 17:20:27 165 [ERROR] Invalid (old?) table or database name '0101-mas'
2025-11-11 17:20:27 167 [ERROR] Invalid (old?) table or database name '0101-mas'
2025-11-11 17:20:27 167 [ERROR] Invalid (old?) table or database name '0101-mas'
2025-11-11 17:20:27 167 [ERROR] Invalid (old?) table or database name '0101-mas'
2025-11-11 17:20:27 167 [ERROR] Invalid (old?) table or database name '0101-mas'
2025-11-11 17:20:28 169 [ERROR] Invalid (old?) table or database name '0101-mas'
2025-11-11 17:20:28 169 [ERROR] Invalid (old?) table or database name '0101-mas'
2025-11-11 17:20:31 173 [ERROR] Invalid (old?) table or database name '0101-mas'
2025-11-11 17:20:31 173 [ERROR] Invalid (old?) table or database name '0101-mas'
2025-11-11 17:20:31 175 [ERROR] Invalid (old?) table or database name '0101-mas'
2025-11-11 17:20:31 175 [ERROR] Invalid (old?) table or database name '0101-mas'
2025-11-11 17:20:31 175 [ERROR] Invalid (old?) table or database name '0101-mas'
2025-11-11 17:20:31 175 [ERROR] Invalid (old?) table or database name '0101-mas'
2025-11-11 17:20:32 177 [ERROR] Invalid (old?) table or database name '0101-mas'
2025-11-11 17:20:32 177 [ERROR] Invalid (old?) table or database name '0101-mas'
2025-11-11 17:20:35 181 [ERROR] Invalid (old?) table or database name '0101-mas'
2025-11-11 17:20:35 181 [ERROR] Invalid (old?) table or database name '0101-mas'
2025-11-11 17:20:35 181 [ERROR] Invalid (old?) table or database name '0101-mas'
2025-11-11 17:20:35 181 [ERROR] Invalid (old?) table or database name '0101-mas'
2025-11-11 17:20:41 185 [ERROR] Invalid (old?) table or database name '0101-mas'
2025-11-11 17:20:41 185 [ERROR] Invalid (old?) table or database name '0101-mas'
2025-11-11 17:20:41 185 [ERROR] Invalid (old?) table or database name '0101-mas'
2025-11-11 17:20:41 185 [ERROR] Invalid (old?) table or database name '0101-mas'
2025-11-11 17:20:55 187 [ERROR] Invalid (old?) table or database name '0101-mas'
2025-11-11 17:20:55 187 [ERROR] Invalid (old?) table or database name '0101-mas'
2025-11-11 17:20:55 187 [ERROR] Invalid (old?) table or database name '0101-mas'
2025-11-11 17:20:55 187 [ERROR] Invalid (old?) table or database name '0101-mas'
2025-11-11 17:20:55 187 [ERROR] Invalid (old?) table or database name '0101-mas'
2025-11-11 17:20:56 189 [ERROR] Invalid (old?) table or database name '0101-mas'
2025-11-11 17:20:56 189 [ERROR] Invalid (old?) table or database name '0101-mas'
2025-11-11 17:20:56 189 [ERROR] Invalid (old?) table or database name '0101-mas'
2025-11-11 17:20:56 189 [ERROR] Invalid (old?) table or database name '0101-mas'
2025-11-11 17:39:51 217 [ERROR] Invalid (old?) table or database name '0101-mas'
2025-11-11 17:39:51 217 [ERROR] Invalid (old?) table or database name '0101-mas'
2025-11-11 17:39:51 217 [ERROR] Invalid (old?) table or database name '0101-mas'
2025-11-11 17:39:51 217 [ERROR] Invalid (old?) table or database name '0101-mas'
2025-11-11 17:40:03 223 [ERROR] Invalid (old?) table or database name '0101-mas'
2025-11-11 17:40:03 223 [ERROR] Invalid (old?) table or database name '0101-mas'
2025-11-11 17:40:03 223 [ERROR] Invalid (old?) table or database name '0101-mas'
2025-11-11 17:40:03 223 [ERROR] Invalid (old?) table or database name '0101-mas'
2025-11-11 17:40:15 227 [ERROR] Invalid (old?) table or database name '0101-mas'
2025-11-11 17:40:15 227 [ERROR] Invalid (old?) table or database name '0101-mas'
2025-11-11 17:40:19 229 [ERROR] Invalid (old?) table or database name '0101-mas'
2025-11-11 17:40:19 229 [ERROR] Invalid (old?) table or database name '0101-mas'
2025-11-11 17:44:01 233 [ERROR] Invalid (old?) table or database name '0101-mas'
2025-11-11 17:44:01 233 [ERROR] Invalid (old?) table or database name '0101-mas'
2025-11-11 17:44:01 233 [ERROR] Invalid (old?) table or database name '0101-mas'
2025-11-11 17:44:01 233 [ERROR] Invalid (old?) table or database name '0101-mas'
2025-11-11 17:44:34 239 [ERROR] Invalid (old?) table or database name '0101-mas'
2025-11-11 17:44:34 239 [ERROR] Invalid (old?) table or database name '0101-mas'
2025-11-11 17:44:35 239 [ERROR] Invalid (old?) table or database name '0101-mas'
2025-11-11 17:44:35 239 [ERROR] Invalid (old?) table or database name '0101-mas'
2025-11-11 17:45:14 247 [ERROR] Invalid (old?) table or database name '0101-mas'
2025-11-11 17:45:14 247 [ERROR] Invalid (old?) table or database name '0101-mas'
2025-11-11 17:45:14 247 [ERROR] Invalid (old?) table or database name '0101-mas'
2025-11-11 17:45:14 247 [ERROR] Invalid (old?) table or database name '0101-mas'
2025-11-11 17:59:23 262 [ERROR] Invalid (old?) table or database name '0101-mas'
2025-11-11 17:59:23 262 [ERROR] Invalid (old?) table or database name '0101-mas'
2025-11-11 17:59:23 262 [ERROR] Invalid (old?) table or database name '0101-mas'
2025-11-11 17:59:23 262 [ERROR] Invalid (old?) table or database name '0101-mas'
2025-11-11 17:59:25 270 [ERROR] Invalid (old?) table or database name '0101-mas'
2025-11-11 17:59:25 270 [ERROR] Invalid (old?) table or database name '0101-mas'
2025-11-11 17:59:25 270 [ERROR] Invalid (old?) table or database name '0101-mas'
2025-11-11 17:59:25 270 [ERROR] Invalid (old?) table or database name '0101-mas'
2025-11-11 17:59:46 282 [ERROR] Invalid (old?) table or database name '0101-mas'
2025-11-11 17:59:46 282 [ERROR] Invalid (old?) table or database name '0101-mas'
2025-11-11 17:59:46 282 [ERROR] Invalid (old?) table or database name '0101-mas'
2025-11-11 17:59:46 282 [ERROR] Invalid (old?) table or database name '0101-mas'
2025-11-11 17:59:46 282 [ERROR] Invalid (old?) table or database name '0101-mas'
2025-11-11 17:59:47 284 [ERROR] Invalid (old?) table or database name '0101-mas'
2025-11-11 17:59:47 284 [ERROR] Invalid (old?) table or database name '0101-mas'
2025-11-11 17:59:47 284 [ERROR] Invalid (old?) table or database name '0101-mas'
2025-11-11 17:59:47 284 [ERROR] Invalid (old?) table or database name '0101-mas'
2025-11-11 18:00:23 320 [ERROR] Invalid (old?) table or database name '0101-mas'
2025-11-11 18:00:23 320 [ERROR] Invalid (old?) table or database name '0101-mas'
2025-11-11 18:00:23 320 [ERROR] Invalid (old?) table or database name '0101-mas'
2025-11-11 18:00:23 320 [ERROR] Invalid (old?) table or database name '0101-mas'
2025-11-11 18:00:55 332 [ERROR] Invalid (old?) table or database name '0101-mas'
2025-11-11 18:00:55 332 [ERROR] Invalid (old?) table or database name '0101-mas'
2025-11-11 18:00:55 332 [ERROR] Invalid (old?) table or database name '0101-mas'
2025-11-11 18:00:55 332 [ERROR] Invalid (old?) table or database name '0101-mas'
2025-11-11 18:16:52 361 [ERROR] Invalid (old?) table or database name '0101-mas'
2025-11-11 18:16:52 361 [ERROR] Invalid (old?) table or database name '0101-mas'
2025-11-11 18:16:53 361 [ERROR] Invalid (old?) table or database name '0101-mas'
2025-11-11 18:16:53 361 [ERROR] Invalid (old?) table or database name '0101-mas'
2025-11-11 18:22:18 367 [ERROR] Invalid (old?) table or database name '0101-mas'
2025-11-11 18:22:18 367 [ERROR] Invalid (old?) table or database name '0101-mas'
2025-11-11 18:22:18 367 [ERROR] Invalid (old?) table or database name '0101-mas'
2025-11-11 18:22:18 367 [ERROR] Invalid (old?) table or database name '0101-mas'
2025-11-11 18:22:50 371 [ERROR] Invalid (old?) table or database name '0101-mas'
2025-11-11 18:22:50 371 [ERROR] Invalid (old?) table or database name '0101-mas'
2025-11-11 18:22:50 371 [ERROR] Invalid (old?) table or database name '0101-mas'
2025-11-11 18:22:50 371 [ERROR] Invalid (old?) table or database name '0101-mas'
2025-11-11 18:22:50 371 [ERROR] Invalid (old?) table or database name '0101-mas'
2025-11-11 18:22:53 375 [ERROR] Invalid (old?) table or database name '0101-mas'
2025-11-11 18:22:53 375 [ERROR] Invalid (old?) table or database name '0101-mas'
2025-11-11 18:22:53 375 [ERROR] Invalid (old?) table or database name '0101-mas'
2025-11-11 18:22:53 375 [ERROR] Invalid (old?) table or database name '0101-mas'
2025-11-11 19:24:52 0 [Note] C:\xampp\mysql\bin\mysqld.exe (initiated by: unknown): Normal shutdown
2025-11-11 19:24:52 0 [Note] Event Scheduler: Purging the queue. 0 events
2025-11-11 19:24:52 0 [Note] InnoDB: FTS optimize thread exiting.
2025-11-11 19:24:52 0 [Note] InnoDB: Starting shutdown...
2025-11-11 19:24:52 0 [Note] InnoDB: Dumping buffer pool(s) to C:\xampp\mysql\data\ib_buffer_pool
2025-11-11 19:24:52 0 [Note] InnoDB: Instance 0, restricted to 250 pages due to innodb_buf_pool_dump_pct=25
2025-11-11 19:24:52 0 [Note] InnoDB: Buffer pool(s) dump completed at 251111 19:24:52
2025-11-11 19:24:53 0 [Note] InnoDB: Removed temporary tablespace data file: "ibtmp1"
2025-11-11 19:24:53 0 [Note] InnoDB: Shutdown completed; log sequence number 2073829; transaction id 2688
2025-11-11 19:24:53 0 [Note] C:\xampp\mysql\bin\mysqld.exe: Shutdown complete

2025-11-11 19:25:20 0 [Note] Starting MariaDB 10.4.32-MariaDB source revision c4143f909528e3fab0677a28631d10389354c491 as process 3484
2025-11-11 19:25:20 0 [Note] InnoDB: Mutexes and rw_locks use Windows interlocked functions
2025-11-11 19:25:20 0 [Note] InnoDB: Uses event mutexes
2025-11-11 19:25:20 0 [Note] InnoDB: Compressed tables use zlib 1.3
2025-11-11 19:25:20 0 [Note] InnoDB: Number of pools: 1
2025-11-11 19:25:20 0 [Note] InnoDB: Using SSE2 crc32 instructions
2025-11-11 19:25:20 0 [Note] InnoDB: Initializing buffer pool, total size = 16M, instances = 1, chunk size = 16M
2025-11-11 19:25:20 0 [Note] InnoDB: Completed initialization of buffer pool
2025-11-11 19:25:20 0 [Note] InnoDB: 128 out of 128 rollback segments are active.
2025-11-11 19:25:20 0 [Note] InnoDB: Creating shared tablespace for temporary tables
2025-11-11 19:25:20 0 [Note] InnoDB: Setting file 'C:\xampp\mysql\data\ibtmp1' size to 12 MB. Physically writing the file full; Please wait ...
2025-11-11 19:25:20 0 [Note] InnoDB: File 'C:\xampp\mysql\data\ibtmp1' size is now 12 MB.
2025-11-11 19:25:20 0 [Note] InnoDB: Waiting for purge to start
2025-11-11 19:25:21 0 [Note] InnoDB: 10.4.32 started; log sequence number 2073829; transaction id 2689
2025-11-11 19:25:21 0 [Note] InnoDB: Loading buffer pool(s) from C:\xampp\mysql\data\ib_buffer_pool
2025-11-11 19:25:21 0 [Note] Plugin 'FEEDBACK' is disabled.
2025-11-11 19:25:21 0 [Note] InnoDB: Buffer pool(s) load completed at 251111 19:25:21
2025-11-11 19:25:21 0 [Note] Server socket created on IP: '::'.
2025-11-11 19:25:21 0 [Note] Reading of all Master_info entries succeeded
2025-11-11 19:25:21 0 [Note] Added new Master_info '' to hash table
2025-11-11 19:25:21 0 [Note] C:\xampp\mysql\bin\mysqld.exe: ready for connections.
Version: '10.4.32-MariaDB'  socket: ''  port: 3306  mariadb.org binary distribution
2025-11-11 23:31:55 128 [ERROR] Invalid (old?) table or database name '0101-mas'
2025-11-11 23:31:55 128 [ERROR] Invalid (old?) table or database name '0101-mas'
2025-11-11 23:31:55 128 [ERROR] Invalid (old?) table or database name '0101-mas'
2025-11-11 23:31:55 128 [ERROR] Invalid (old?) table or database name '0101-mas'
2025-11-11 23:31:55 128 [ERROR] Invalid (old?) table or database name '0101-mas'
2025-11-11 23:32:00 132 [ERROR] Invalid (old?) table or database name '0101-mas'
2025-11-11 23:32:00 132 [ERROR] Invalid (old?) table or database name '0101-mas'
2025-11-11 23:32:00 132 [ERROR] Invalid (old?) table or database name '0101-mas'
2025-11-11 23:32:00 132 [ERROR] Invalid (old?) table or database name '0101-mas'
2025-11-11 23:32:00 136 [ERROR] Invalid (old?) table or database name '0101-mas'
2025-11-11 23:32:00 136 [ERROR] Invalid (old?) table or database name '0101-mas'
2025-11-11 23:32:18 146 [ERROR] Invalid (old?) table or database name '0101-mas'
2025-11-11 23:32:18 146 [ERROR] Invalid (old?) table or database name '0101-mas'
2025-11-11 23:32:18 146 [ERROR] Invalid (old?) table or database name '0101-mas'
2025-11-11 23:32:18 146 [ERROR] Invalid (old?) table or database name '0101-mas'
2025-11-12  9:53:28 0 [Note] Starting MariaDB 10.4.32-MariaDB source revision c4143f909528e3fab0677a28631d10389354c491 as process 3872
2025-11-12  9:53:28 0 [Note] InnoDB: Mutexes and rw_locks use Windows interlocked functions
2025-11-12  9:53:28 0 [Note] InnoDB: Uses event mutexes
2025-11-12  9:53:28 0 [Note] InnoDB: Compressed tables use zlib 1.3
2025-11-12  9:53:28 0 [Note] InnoDB: Number of pools: 1
2025-11-12  9:53:28 0 [Note] InnoDB: Using SSE2 crc32 instructions
2025-11-12  9:53:28 0 [Note] InnoDB: Initializing buffer pool, total size = 16M, instances = 1, chunk size = 16M
2025-11-12  9:53:28 0 [Note] InnoDB: Completed initialization of buffer pool
2025-11-12  9:53:28 0 [Note] InnoDB: Starting crash recovery from checkpoint LSN=2080536
2025-11-12  9:53:28 0 [Note] InnoDB: 128 out of 128 rollback segments are active.
2025-11-12  9:53:28 0 [Note] InnoDB: Removed temporary tablespace data file: "ibtmp1"
2025-11-12  9:53:28 0 [Note] InnoDB: Creating shared tablespace for temporary tables
2025-11-12  9:53:28 0 [Note] InnoDB: Setting file 'C:\xampp\mysql\data\ibtmp1' size to 12 MB. Physically writing the file full; Please wait ...
2025-11-12  9:53:28 0 [Note] InnoDB: File 'C:\xampp\mysql\data\ibtmp1' size is now 12 MB.
2025-11-12  9:53:28 0 [Note] InnoDB: Waiting for purge to start
2025-11-12  9:53:28 0 [Note] InnoDB: 10.4.32 started; log sequence number 2080545; transaction id 2850
2025-11-12  9:53:28 0 [Note] InnoDB: Loading buffer pool(s) from C:\xampp\mysql\data\ib_buffer_pool
2025-11-12  9:53:28 0 [Note] Plugin 'FEEDBACK' is disabled.
2025-11-12  9:53:29 0 [Note] InnoDB: Buffer pool(s) load completed at 251112  9:53:29
2025-11-12  9:53:29 0 [Note] Server socket created on IP: '::'.
2025-11-12  9:53:29 0 [Note] Reading of all Master_info entries succeeded
2025-11-12  9:53:29 0 [Note] Added new Master_info '' to hash table
2025-11-12  9:53:29 0 [Note] C:\xampp\mysql\bin\mysqld.exe: ready for connections.
Version: '10.4.32-MariaDB'  socket: ''  port: 3306  mariadb.org binary distribution
2025-11-12 10:21:33 17 [ERROR] Invalid (old?) table or database name '0101-mas'
2025-11-12 10:21:34 17 [ERROR] Invalid (old?) table or database name '0101-mas'
2025-11-12 10:21:34 17 [ERROR] Invalid (old?) table or database name '0101-mas'
2025-11-12 10:21:34 17 [ERROR] Invalid (old?) table or database name '0101-mas'
2025-11-12 10:21:34 17 [ERROR] Invalid (old?) table or database name '0101-mas'
2025-11-12 10:21:40 21 [ERROR] Invalid (old?) table or database name '0101-mas'
2025-11-12 10:21:40 21 [ERROR] Invalid (old?) table or database name '0101-mas'
2025-11-12 10:21:40 21 [ERROR] Invalid (old?) table or database name '0101-mas'
2025-11-12 10:21:40 21 [ERROR] Invalid (old?) table or database name '0101-mas'
2025-11-12 10:56:47 80 [ERROR] Invalid (old?) table or database name '0101-mas'
2025-11-12 10:56:47 80 [ERROR] Invalid (old?) table or database name '0101-mas'
2025-11-12 10:56:47 80 [ERROR] Invalid (old?) table or database name '0101-mas'
2025-11-12 10:56:47 80 [ERROR] Invalid (old?) table or database name '0101-mas'
2025-11-12 10:56:55 84 [ERROR] Invalid (old?) table or database name '0101-mas'
2025-11-12 10:56:55 84 [ERROR] Invalid (old?) table or database name '0101-mas'
2025-11-12 10:56:55 84 [ERROR] Invalid (old?) table or database name '0101-mas'
2025-11-12 10:56:55 84 [ERROR] Invalid (old?) table or database name '0101-mas'
2025-11-12 10:56:55 84 [ERROR] Invalid (old?) table or database name '0101-mas'
2025-11-12 10:56:56 86 [ERROR] Invalid (old?) table or database name '0101-mas'
2025-11-12 10:56:56 86 [ERROR] Invalid (old?) table or database name '0101-mas'
2025-11-12 10:56:56 86 [ERROR] Invalid (old?) table or database name '0101-mas'
2025-11-12 10:56:56 86 [ERROR] Invalid (old?) table or database name '0101-mas'
2025-11-12 11:53:32 165 [ERROR] Invalid (old?) table or database name '0101-mas'
2025-11-12 11:53:32 165 [ERROR] Invalid (old?) table or database name '0101-mas'
2025-11-12 11:53:32 165 [ERROR] Invalid (old?) table or database name '0101-mas'
2025-11-12 11:53:32 165 [ERROR] Invalid (old?) table or database name '0101-mas'
2025-11-12 11:53:34 169 [ERROR] Invalid (old?) table or database name '0101-mas'
2025-11-12 11:53:34 169 [ERROR] Invalid (old?) table or database name '0101-mas'
2025-11-12 11:53:34 169 [ERROR] Invalid (old?) table or database name '0101-mas'
2025-11-12 11:53:34 169 [ERROR] Invalid (old?) table or database name '0101-mas'
2025-11-12 11:53:35 175 [ERROR] Invalid (old?) table or database name '0101-mas'
2025-11-12 11:53:35 175 [ERROR] Invalid (old?) table or database name '0101-mas'
2025-11-12 11:55:13 182 [ERROR] Invalid (old?) table or database name '0101-mas'
2025-11-12 11:55:13 182 [ERROR] Invalid (old?) table or database name '0101-mas'
2025-11-12 11:55:13 182 [ERROR] Invalid (old?) table or database name '0101-mas'
2025-11-12 11:55:13 182 [ERROR] Invalid (old?) table or database name '0101-mas'
2025-11-12 11:55:14 184 [ERROR] Invalid (old?) table or database name '0101-mas'
2025-11-12 11:55:14 184 [ERROR] Invalid (old?) table or database name '0101-mas'
2025-11-12 11:55:14 184 [ERROR] Invalid (old?) table or database name '0101-mas'
2025-11-12 11:55:14 184 [ERROR] Invalid (old?) table or database name '0101-mas'
2025-11-12 12:04:57 198 [ERROR] Invalid (old?) table or database name '0101-mas'
2025-11-12 12:04:57 198 [ERROR] Invalid (old?) table or database name '0101-mas'
2025-11-12 12:04:57 198 [ERROR] Invalid (old?) table or database name '0101-mas'
2025-11-12 12:04:57 198 [ERROR] Invalid (old?) table or database name '0101-mas'
2025-11-12 12:05:03 203 [ERROR] Invalid (old?) table or database name '0101-mas'
2025-11-12 12:05:03 203 [ERROR] Invalid (old?) table or database name '0101-mas'
2025-11-12 12:05:03 203 [ERROR] Invalid (old?) table or database name '0101-mas'
2025-11-12 12:05:04 203 [ERROR] Invalid (old?) table or database name '0101-mas'
2025-11-12 12:05:54 217 [ERROR] Invalid (old?) table or database name '0101-mas'
2025-11-12 12:05:54 217 [ERROR] Invalid (old?) table or database name '0101-mas'
2025-11-12 12:05:54 217 [ERROR] Invalid (old?) table or database name '0101-mas'
2025-11-12 12:05:54 217 [ERROR] Invalid (old?) table or database name '0101-mas'
2025-11-12 12:05:55 221 [ERROR] Invalid (old?) table or database name '0101-mas'
2025-11-12 12:05:55 221 [ERROR] Invalid (old?) table or database name '0101-mas'
2025-11-12 12:05:55 221 [ERROR] Invalid (old?) table or database name '0101-mas'
2025-11-12 12:05:55 221 [ERROR] Invalid (old?) table or database name '0101-mas'
2025-11-12 12:17:44 235 [ERROR] Invalid (old?) table or database name '0101-mas'
2025-11-12 12:17:44 235 [ERROR] Invalid (old?) table or database name '0101-mas'
2025-11-12 12:17:44 235 [ERROR] Invalid (old?) table or database name '0101-mas'
2025-11-12 12:17:44 235 [ERROR] Invalid (old?) table or database name '0101-mas'
2025-11-12 12:18:13 247 [ERROR] Invalid (old?) table or database name '0101-mas'
2025-11-12 12:18:13 247 [ERROR] Invalid (old?) table or database name '0101-mas'
2025-11-12 12:18:13 247 [ERROR] Invalid (old?) table or database name '0101-mas'
2025-11-12 12:18:13 247 [ERROR] Invalid (old?) table or database name '0101-mas'
2025-11-12 12:18:26 253 [ERROR] Invalid (old?) table or database name '0101-mas'
2025-11-12 12:18:26 253 [ERROR] Invalid (old?) table or database name '0101-mas'
2025-11-12 12:18:26 253 [ERROR] Invalid (old?) table or database name '0101-mas'
2025-11-12 12:18:26 253 [ERROR] Invalid (old?) table or database name '0101-mas'
2025-11-12 12:18:35 257 [ERROR] Invalid (old?) table or database name '0101-mas'
2025-11-12 12:18:35 257 [ERROR] Invalid (old?) table or database name '0101-mas'
2025-11-12 12:18:35 257 [ERROR] Invalid (old?) table or database name '0101-mas'
2025-11-12 12:18:35 257 [ERROR] Invalid (old?) table or database name '0101-mas'
2025-11-12 12:18:35 257 [ERROR] Invalid (old?) table or database name '0101-mas'
2025-11-12 12:18:37 263 [ERROR] Invalid (old?) table or database name '0101-mas'
2025-11-12 12:18:37 263 [ERROR] Invalid (old?) table or database name '0101-mas'
2025-11-12 12:18:37 263 [ERROR] Invalid (old?) table or database name '0101-mas'
2025-11-12 12:18:37 263 [ERROR] Invalid (old?) table or database name '0101-mas'
2025-11-12 12:19:23 276 [ERROR] Invalid (old?) table or database name '0101-mas'
2025-11-12 12:19:23 276 [ERROR] Invalid (old?) table or database name '0101-mas'
2025-11-12 12:19:23 276 [ERROR] Invalid (old?) table or database name '0101-mas'
2025-11-12 12:19:23 276 [ERROR] Invalid (old?) table or database name '0101-mas'
2025-11-12 12:49:24 0 [Note] C:\xampp\mysql\bin\mysqld.exe (initiated by: unknown): Normal shutdown
2025-11-12 12:49:24 0 [Note] Event Scheduler: Purging the queue. 0 events
2025-11-12 12:49:24 0 [Note] InnoDB: FTS optimize thread exiting.
2025-11-12 12:49:24 0 [Note] InnoDB: Starting shutdown...
2025-11-12 12:49:24 0 [Note] InnoDB: Dumping buffer pool(s) to C:\xampp\mysql\data\ib_buffer_pool
2025-11-12 12:49:24 0 [Note] InnoDB: Instance 0, restricted to 250 pages due to innodb_buf_pool_dump_pct=25
2025-11-12 12:49:24 0 [Note] InnoDB: Buffer pool(s) dump completed at 251112 12:49:24
2025-11-12 12:49:26 0 [Note] InnoDB: Removed temporary tablespace data file: "ibtmp1"
2025-11-12 12:49:26 0 [Note] InnoDB: Shutdown completed; log sequence number 2148017; transaction id 3004
2025-11-12 12:49:26 0 [Note] C:\xampp\mysql\bin\mysqld.exe: Shutdown complete

2025-11-12 13:02:44 0 [Note] Starting MariaDB 10.4.32-MariaDB source revision c4143f909528e3fab0677a28631d10389354c491 as process 3852
2025-11-12 13:02:44 0 [Note] InnoDB: Mutexes and rw_locks use Windows interlocked functions
2025-11-12 13:02:44 0 [Note] InnoDB: Uses event mutexes
2025-11-12 13:02:44 0 [Note] InnoDB: Compressed tables use zlib 1.3
2025-11-12 13:02:44 0 [Note] InnoDB: Number of pools: 1
2025-11-12 13:02:44 0 [Note] InnoDB: Using SSE2 crc32 instructions
2025-11-12 13:02:44 0 [Note] InnoDB: Initializing buffer pool, total size = 16M, instances = 1, chunk size = 16M
2025-11-12 13:02:44 0 [Note] InnoDB: Completed initialization of buffer pool
2025-11-12 13:02:45 0 [Note] InnoDB: 128 out of 128 rollback segments are active.
2025-11-12 13:02:45 0 [Note] InnoDB: Creating shared tablespace for temporary tables
2025-11-12 13:02:45 0 [Note] InnoDB: Setting file 'C:\xampp\mysql\data\ibtmp1' size to 12 MB. Physically writing the file full; Please wait ...
2025-11-12 13:02:45 0 [Note] InnoDB: File 'C:\xampp\mysql\data\ibtmp1' size is now 12 MB.
2025-11-12 13:02:45 0 [Note] InnoDB: Waiting for purge to start
2025-11-12 13:02:45 0 [Note] InnoDB: 10.4.32 started; log sequence number 2148017; transaction id 3005
2025-11-12 13:02:45 0 [Note] InnoDB: Loading buffer pool(s) from C:\xampp\mysql\data\ib_buffer_pool
2025-11-12 13:02:45 0 [Note] Plugin 'FEEDBACK' is disabled.
2025-11-12 13:02:45 0 [Note] Server socket created on IP: '::'.
2025-11-12 13:02:45 0 [Note] InnoDB: Buffer pool(s) load completed at 251112 13:02:45
2025-11-12 13:02:45 0 [Note] Reading of all Master_info entries succeeded
2025-11-12 13:02:45 0 [Note] Added new Master_info '' to hash table
2025-11-12 13:02:45 0 [Note] C:\xampp\mysql\bin\mysqld.exe: ready for connections.
Version: '10.4.32-MariaDB'  socket: ''  port: 3306  mariadb.org binary distribution
2025-11-12 21:09:05 0 [Note] Starting MariaDB 10.4.32-MariaDB source revision c4143f909528e3fab0677a28631d10389354c491 as process 3744
2025-11-12 21:09:05 0 [Note] InnoDB: Mutexes and rw_locks use Windows interlocked functions
2025-11-12 21:09:05 0 [Note] InnoDB: Uses event mutexes
2025-11-12 21:09:05 0 [Note] InnoDB: Compressed tables use zlib 1.3
2025-11-12 21:09:05 0 [Note] InnoDB: Number of pools: 1
2025-11-12 21:09:05 0 [Note] InnoDB: Using SSE2 crc32 instructions
2025-11-12 21:09:05 0 [Note] InnoDB: Initializing buffer pool, total size = 16M, instances = 1, chunk size = 16M
2025-11-12 21:09:05 0 [Note] InnoDB: Completed initialization of buffer pool
2025-11-12 21:09:05 0 [Note] InnoDB: Starting crash recovery from checkpoint LSN=2148017
2025-11-12 21:09:05 0 [Note] InnoDB: 128 out of 128 rollback segments are active.
2025-11-12 21:09:05 0 [Note] InnoDB: Removed temporary tablespace data file: "ibtmp1"
2025-11-12 21:09:05 0 [Note] InnoDB: Creating shared tablespace for temporary tables
2025-11-12 21:09:05 0 [Note] InnoDB: Setting file 'C:\xampp\mysql\data\ibtmp1' size to 12 MB. Physically writing the file full; Please wait ...
2025-11-12 21:09:05 0 [Note] InnoDB: File 'C:\xampp\mysql\data\ibtmp1' size is now 12 MB.
2025-11-12 21:09:05 0 [Note] InnoDB: Waiting for purge to start
2025-11-12 21:09:05 0 [Note] InnoDB: 10.4.32 started; log sequence number 2148026; transaction id 3005
2025-11-12 21:09:05 0 [Note] InnoDB: Loading buffer pool(s) from C:\xampp\mysql\data\ib_buffer_pool
2025-11-12 21:09:05 0 [Note] Plugin 'FEEDBACK' is disabled.
2025-11-12 21:09:06 0 [Note] Server socket created on IP: '::'.
2025-11-12 21:09:06 0 [Note] InnoDB: Buffer pool(s) load completed at 251112 21:09:06
2025-11-12 21:09:06 0 [Note] Reading of all Master_info entries succeeded
2025-11-12 21:09:06 0 [Note] Added new Master_info '' to hash table
2025-11-12 21:09:06 0 [Note] C:\xampp\mysql\bin\mysqld.exe: ready for connections.
Version: '10.4.32-MariaDB'  socket: ''  port: 3306  mariadb.org binary distribution
2025-11-12 21:09:19 0 [Note] C:\xampp\mysql\bin\mysqld.exe (initiated by: unknown): Normal shutdown
2025-11-12 21:09:19 0 [Note] Event Scheduler: Purging the queue. 0 events
2025-11-12 21:09:19 0 [Note] InnoDB: FTS optimize thread exiting.
2025-11-12 21:09:19 0 [Note] InnoDB: Starting shutdown...
2025-11-12 21:09:19 0 [Note] InnoDB: Dumping buffer pool(s) to C:\xampp\mysql\data\ib_buffer_pool
2025-11-12 21:09:19 0 [Note] InnoDB: Instance 0, restricted to 250 pages due to innodb_buf_pool_dump_pct=25
2025-11-12 21:09:19 0 [Note] InnoDB: Buffer pool(s) dump completed at 251112 21:09:19
2025-11-12 21:09:20 0 [Note] InnoDB: Removed temporary tablespace data file: "ibtmp1"
2025-11-12 21:09:20 0 [Note] InnoDB: Shutdown completed; log sequence number 2148044; transaction id 3006
2025-11-12 21:09:20 0 [Note] C:\xampp\mysql\bin\mysqld.exe: Shutdown complete

2025-11-12 21:09:41 0 [Note] Starting MariaDB 10.4.32-MariaDB source revision c4143f909528e3fab0677a28631d10389354c491 as process 3748
2025-11-12 21:09:41 0 [Note] InnoDB: Mutexes and rw_locks use Windows interlocked functions
2025-11-12 21:09:41 0 [Note] InnoDB: Uses event mutexes
2025-11-12 21:09:41 0 [Note] InnoDB: Compressed tables use zlib 1.3
2025-11-12 21:09:41 0 [Note] InnoDB: Number of pools: 1
2025-11-12 21:09:41 0 [Note] InnoDB: Using SSE2 crc32 instructions
2025-11-12 21:09:41 0 [Note] InnoDB: Initializing buffer pool, total size = 16M, instances = 1, chunk size = 16M
2025-11-12 21:09:41 0 [Note] InnoDB: Completed initialization of buffer pool
2025-11-12 21:09:42 0 [Note] InnoDB: 128 out of 128 rollback segments are active.
2025-11-12 21:09:42 0 [Note] InnoDB: Creating shared tablespace for temporary tables
2025-11-12 21:09:42 0 [Note] InnoDB: Setting file 'C:\xampp\mysql\data\ibtmp1' size to 12 MB. Physically writing the file full; Please wait ...
2025-11-12 21:09:42 0 [Note] InnoDB: File 'C:\xampp\mysql\data\ibtmp1' size is now 12 MB.
2025-11-12 21:09:42 0 [Note] InnoDB: 10.4.32 started; log sequence number 2148044; transaction id 3005
2025-11-12 21:09:42 0 [Note] InnoDB: Loading buffer pool(s) from C:\xampp\mysql\data\ib_buffer_pool
2025-11-12 21:09:42 0 [Note] Plugin 'FEEDBACK' is disabled.
2025-11-12 21:09:42 0 [Note] Server socket created on IP: '::'.
2025-11-12 21:09:42 0 [Note] InnoDB: Buffer pool(s) load completed at 251112 21:09:42
2025-11-12 21:09:42 0 [Note] Reading of all Master_info entries succeeded
2025-11-12 21:09:42 0 [Note] Added new Master_info '' to hash table
2025-11-12 21:09:42 0 [Note] C:\xampp\mysql\bin\mysqld.exe: ready for connections.
Version: '10.4.32-MariaDB'  socket: ''  port: 3306  mariadb.org binary distribution
2025-11-12 21:29:10 0 [Note] C:\xampp\mysql\bin\mysqld.exe (initiated by: unknown): Normal shutdown
2025-11-12 21:29:10 0 [Note] Event Scheduler: Purging the queue. 0 events
2025-11-12 21:29:10 0 [Note] InnoDB: FTS optimize thread exiting.
2025-11-12 21:29:10 0 [Note] InnoDB: Starting shutdown...
2025-11-12 21:29:10 0 [Note] InnoDB: Dumping buffer pool(s) to C:\xampp\mysql\data\ib_buffer_pool
2025-11-12 21:29:10 0 [Note] InnoDB: Instance 0, restricted to 250 pages due to innodb_buf_pool_dump_pct=25
2025-11-12 21:29:10 0 [Note] InnoDB: Buffer pool(s) dump completed at 251112 21:29:10
2025-11-12 21:29:10 0 [Note] InnoDB: Removed temporary tablespace data file: "ibtmp1"
2025-11-12 21:29:10 0 [Note] InnoDB: Shutdown completed; log sequence number 2148053; transaction id 3006
2025-11-12 21:29:10 0 [Note] C:\xampp\mysql\bin\mysqld.exe: Shutdown complete

2025-11-12 21:32:00 0 [Note] Starting MariaDB 10.4.32-MariaDB source revision c4143f909528e3fab0677a28631d10389354c491 as process 3776
2025-11-12 21:32:00 0 [Note] InnoDB: Mutexes and rw_locks use Windows interlocked functions
2025-11-12 21:32:00 0 [Note] InnoDB: Uses event mutexes
2025-11-12 21:32:00 0 [Note] InnoDB: Compressed tables use zlib 1.3
2025-11-12 21:32:00 0 [Note] InnoDB: Number of pools: 1
2025-11-12 21:32:00 0 [Note] InnoDB: Using SSE2 crc32 instructions
2025-11-12 21:32:00 0 [Note] InnoDB: Initializing buffer pool, total size = 16M, instances = 1, chunk size = 16M
2025-11-12 21:32:00 0 [Note] InnoDB: Completed initialization of buffer pool
2025-11-12 21:32:00 0 [Note] InnoDB: 128 out of 128 rollback segments are active.
2025-11-12 21:32:00 0 [Note] InnoDB: Creating shared tablespace for temporary tables
2025-11-12 21:32:00 0 [Note] InnoDB: Setting file 'C:\xampp\mysql\data\ibtmp1' size to 12 MB. Physically writing the file full; Please wait ...
2025-11-12 21:32:00 0 [Note] InnoDB: File 'C:\xampp\mysql\data\ibtmp1' size is now 12 MB.
2025-11-12 21:32:00 0 [Note] InnoDB: Waiting for purge to start
2025-11-12 21:32:00 0 [Note] InnoDB: 10.4.32 started; log sequence number 2148053; transaction id 3005
2025-11-12 21:32:00 0 [Note] InnoDB: Loading buffer pool(s) from C:\xampp\mysql\data\ib_buffer_pool
2025-11-12 21:32:00 0 [Note] Plugin 'FEEDBACK' is disabled.
2025-11-12 21:32:00 0 [Note] Server socket created on IP: '::'.
2025-11-12 21:32:00 0 [Note] InnoDB: Buffer pool(s) load completed at 251112 21:32:00
2025-11-12 21:32:00 0 [Note] Reading of all Master_info entries succeeded
2025-11-12 21:32:00 0 [Note] Added new Master_info '' to hash table
2025-11-12 21:32:00 0 [Note] C:\xampp\mysql\bin\mysqld.exe: ready for connections.
Version: '10.4.32-MariaDB'  socket: ''  port: 3306  mariadb.org binary distribution
2025-11-16 18:35:26 71 [ERROR] Invalid (old?) table or database name '0101-mas'
2025-11-16 18:35:26 71 [ERROR] Invalid (old?) table or database name '0101-mas'
2025-11-16 18:35:27 71 [ERROR] Invalid (old?) table or database name '0101-mas'
2025-11-16 18:35:27 71 [ERROR] Invalid (old?) table or database name '0101-mas'
2025-11-16 18:35:32 76 [ERROR] Invalid (old?) table or database name '0101-mas'
2025-11-16 18:35:32 76 [ERROR] Invalid (old?) table or database name '0101-mas'
2025-11-16 18:35:32 76 [ERROR] Invalid (old?) table or database name '0101-mas'
2025-11-16 18:35:32 76 [ERROR] Invalid (old?) table or database name '0101-mas'
2025-11-16 18:36:24 89 [ERROR] Invalid (old?) table or database name '0101-mas'
2025-11-16 18:36:24 89 [ERROR] Invalid (old?) table or database name '0101-mas'
2025-11-16 18:36:24 89 [ERROR] Invalid (old?) table or database name '0101-mas'
2025-11-16 18:36:25 89 [ERROR] Invalid (old?) table or database name '0101-mas'
2025-11-16 18:36:25 91 [ERROR] Invalid (old?) table or database name '0101-mas'
2025-11-16 18:36:25 91 [ERROR] Invalid (old?) table or database name '0101-mas'
2025-11-16 18:36:25 93 [ERROR] Invalid (old?) table or database name '0101-mas'
2025-11-16 18:36:25 93 [ERROR] Invalid (old?) table or database name '0101-mas'
2025-11-16 18:36:36 97 [ERROR] Invalid (old?) table or database name '0101-mas'
2025-11-16 18:36:36 97 [ERROR] Invalid (old?) table or database name '0101-mas'
2025-11-16 18:36:36 97 [ERROR] Invalid (old?) table or database name '0101-mas'
2025-11-16 18:36:36 97 [ERROR] Invalid (old?) table or database name '0101-mas'
2025-11-16 18:36:36 99 [ERROR] Invalid (old?) table or database name '0101-mas'
2025-11-16 18:36:36 99 [ERROR] Invalid (old?) table or database name '0101-mas'
2025-11-16 18:36:36 101 [ERROR] Invalid (old?) table or database name '0101-mas'
2025-11-16 18:36:36 101 [ERROR] Invalid (old?) table or database name '0101-mas'
2025-11-16 18:37:03 109 [ERROR] Invalid (old?) table or database name '0101-mas'
2025-11-16 18:37:03 109 [ERROR] Invalid (old?) table or database name '0101-mas'
2025-11-16 18:37:03 109 [ERROR] Invalid (old?) table or database name '0101-mas'
2025-11-16 18:37:03 109 [ERROR] Invalid (old?) table or database name '0101-mas'
2025-11-16 19:09:41 135 [ERROR] Invalid (old?) table or database name '0101-mas'
2025-11-16 19:09:41 135 [ERROR] Invalid (old?) table or database name '0101-mas'
2025-11-16 19:09:41 135 [ERROR] Invalid (old?) table or database name '0101-mas'
2025-11-16 19:09:41 135 [ERROR] Invalid (old?) table or database name '0101-mas'
2025-11-16 19:09:41 135 [ERROR] Invalid (old?) table or database name '0101-mas'
2025-11-16 19:09:42 139 [ERROR] Invalid (old?) table or database name '0101-mas'
2025-11-16 19:09:42 139 [ERROR] Invalid (old?) table or database name '0101-mas'
2025-11-16 19:09:42 139 [ERROR] Invalid (old?) table or database name '0101-mas'
2025-11-16 19:09:42 139 [ERROR] Invalid (old?) table or database name '0101-mas'
2025-11-16 23:01:38 720 [ERROR] Invalid (old?) table or database name '0101-mas'
2025-11-16 23:01:38 720 [ERROR] Invalid (old?) table or database name '0101-mas'
2025-11-16 23:01:38 720 [ERROR] Invalid (old?) table or database name '0101-mas'
2025-11-16 23:01:38 720 [ERROR] Invalid (old?) table or database name '0101-mas'
2025-11-16 23:01:41 726 [ERROR] Invalid (old?) table or database name '0101-mas'
2025-11-16 23:01:41 726 [ERROR] Invalid (old?) table or database name '0101-mas'
2025-11-16 23:01:41 726 [ERROR] Invalid (old?) table or database name '0101-mas'
2025-11-16 23:01:41 726 [ERROR] Invalid (old?) table or database name '0101-mas'
2025-11-16 23:01:48 736 [ERROR] Invalid (old?) table or database name '0101-mas'
2025-11-16 23:01:48 736 [ERROR] Invalid (old?) table or database name '0101-mas'
2025-11-16 23:01:48 738 [ERROR] Invalid (old?) table or database name '0101-mas'
2025-11-16 23:01:48 738 [ERROR] Invalid (old?) table or database name '0101-mas'
2025-11-16 23:01:48 738 [ERROR] Invalid (old?) table or database name '0101-mas'
2025-11-16 23:01:48 738 [ERROR] Invalid (old?) table or database name '0101-mas'
2025-11-16 23:01:49 740 [ERROR] Invalid (old?) table or database name '0101-mas'
2025-11-16 23:01:49 740 [ERROR] Invalid (old?) table or database name '0101-mas'
2025-11-16 23:02:08 748 [ERROR] Invalid (old?) table or database name '0101-mas'
2025-11-16 23:02:08 748 [ERROR] Invalid (old?) table or database name '0101-mas'
2025-11-16 23:02:08 748 [ERROR] Invalid (old?) table or database name '0101-mas'
2025-11-16 23:02:08 748 [ERROR] Invalid (old?) table or database name '0101-mas'
2025-11-16 23:04:13 754 [ERROR] Invalid (old?) table or database name '0101-mas'
2025-11-16 23:04:13 754 [ERROR] Invalid (old?) table or database name '0101-mas'
2025-11-16 23:04:13 754 [ERROR] Invalid (old?) table or database name '0101-mas'
2025-11-16 23:04:13 754 [ERROR] Invalid (old?) table or database name '0101-mas'
2025-11-16 23:04:24 764 [ERROR] Invalid (old?) table or database name '0101-mas'
2025-11-16 23:04:24 764 [ERROR] Invalid (old?) table or database name '0101-mas'
2025-11-16 23:04:24 764 [ERROR] Invalid (old?) table or database name '0101-mas'
2025-11-16 23:04:24 764 [ERROR] Invalid (old?) table or database name '0101-mas'
2025-11-16 23:04:50 770 [ERROR] Invalid (old?) table or database name '0101-mas'
2025-11-16 23:04:50 770 [ERROR] Invalid (old?) table or database name '0101-mas'
2025-11-16 23:04:50 770 [ERROR] Invalid (old?) table or database name '0101-mas'
2025-11-16 23:04:50 770 [ERROR] Invalid (old?) table or database name '0101-mas'
2025-11-16 23:05:54 778 [ERROR] Invalid (old?) table or database name '0101-mas'
2025-11-16 23:05:54 778 [ERROR] Invalid (old?) table or database name '0101-mas'
2025-11-16 23:05:54 778 [ERROR] Invalid (old?) table or database name '0101-mas'
2025-11-16 23:05:54 778 [ERROR] Invalid (old?) table or database name '0101-mas'
2025-11-19  6:24:47 0 [Note] Starting MariaDB 10.4.32-MariaDB source revision c4143f909528e3fab0677a28631d10389354c491 as process 3308
2025-11-19  6:24:47 0 [Note] InnoDB: Mutexes and rw_locks use Windows interlocked functions
2025-11-19  6:24:47 0 [Note] InnoDB: Uses event mutexes
2025-11-19  6:24:47 0 [Note] InnoDB: Compressed tables use zlib 1.3
2025-11-19  6:24:47 0 [Note] InnoDB: Number of pools: 1
2025-11-19  6:24:47 0 [Note] InnoDB: Using SSE2 crc32 instructions
2025-11-19  6:24:47 0 [Note] InnoDB: Initializing buffer pool, total size = 16M, instances = 1, chunk size = 16M
2025-11-19  6:24:47 0 [Note] InnoDB: Completed initialization of buffer pool
2025-11-19  6:24:47 0 [Note] InnoDB: Starting crash recovery from checkpoint LSN=2153302
2025-11-19  6:24:48 0 [Note] InnoDB: 128 out of 128 rollback segments are active.
2025-11-19  6:24:48 0 [Note] InnoDB: Removed temporary tablespace data file: "ibtmp1"
2025-11-19  6:24:48 0 [Note] InnoDB: Creating shared tablespace for temporary tables
2025-11-19  6:24:48 0 [Note] InnoDB: Setting file 'C:\xampp\mysql\data\ibtmp1' size to 12 MB. Physically writing the file full; Please wait ...
2025-11-19  6:24:48 0 [Note] InnoDB: File 'C:\xampp\mysql\data\ibtmp1' size is now 12 MB.
2025-11-19  6:24:48 0 [Note] InnoDB: Waiting for purge to start
2025-11-19  6:24:48 0 [Note] InnoDB: 10.4.32 started; log sequence number 2153311; transaction id 3063
2025-11-19  6:24:48 0 [Note] InnoDB: Loading buffer pool(s) from C:\xampp\mysql\data\ib_buffer_pool
2025-11-19  6:24:48 0 [Note] Plugin 'FEEDBACK' is disabled.
2025-11-19  6:24:48 0 [Note] Server socket created on IP: '::'.
2025-11-19  6:24:48 0 [Note] InnoDB: Buffer pool(s) load completed at 251119  6:24:48
2025-11-19  6:24:48 0 [Note] Reading of all Master_info entries succeeded
2025-11-19  6:24:48 0 [Note] Added new Master_info '' to hash table
2025-11-19  6:24:48 0 [Note] C:\xampp\mysql\bin\mysqld.exe: ready for connections.
Version: '10.4.32-MariaDB'  socket: ''  port: 3306  mariadb.org binary distribution
2025-11-19  6:25:05 0 [Note] C:\xampp\mysql\bin\mysqld.exe (initiated by: unknown): Normal shutdown
2025-11-19  6:25:05 0 [Note] Event Scheduler: Purging the queue. 0 events
2025-11-19  6:25:05 0 [Note] InnoDB: FTS optimize thread exiting.
2025-11-19  6:25:05 0 [Note] InnoDB: Starting shutdown...
2025-11-19  6:25:05 0 [Note] InnoDB: Dumping buffer pool(s) to C:\xampp\mysql\data\ib_buffer_pool
2025-11-19  6:25:05 0 [Note] InnoDB: Instance 0, restricted to 250 pages due to innodb_buf_pool_dump_pct=25
2025-11-19  6:25:05 0 [Note] InnoDB: Buffer pool(s) dump completed at 251119  6:25:05
2025-11-19  6:25:06 0 [Note] InnoDB: Removed temporary tablespace data file: "ibtmp1"
2025-11-19  6:25:06 0 [Note] InnoDB: Shutdown completed; log sequence number 2153329; transaction id 3064
2025-11-19  6:25:06 0 [Note] C:\xampp\mysql\bin\mysqld.exe: Shutdown complete

2025-11-19  6:25:28 0 [Note] Starting MariaDB 10.4.32-MariaDB source revision c4143f909528e3fab0677a28631d10389354c491 as process 3916
2025-11-19  6:25:28 0 [Note] InnoDB: Mutexes and rw_locks use Windows interlocked functions
2025-11-19  6:25:28 0 [Note] InnoDB: Uses event mutexes
2025-11-19  6:25:28 0 [Note] InnoDB: Compressed tables use zlib 1.3
2025-11-19  6:25:28 0 [Note] InnoDB: Number of pools: 1
2025-11-19  6:25:28 0 [Note] InnoDB: Using SSE2 crc32 instructions
2025-11-19  6:25:28 0 [Note] InnoDB: Initializing buffer pool, total size = 16M, instances = 1, chunk size = 16M
2025-11-19  6:25:28 0 [Note] InnoDB: Completed initialization of buffer pool
2025-11-19  6:25:28 0 [Note] InnoDB: 128 out of 128 rollback segments are active.
2025-11-19  6:25:28 0 [Note] InnoDB: Creating shared tablespace for temporary tables
2025-11-19  6:25:28 0 [Note] InnoDB: Setting file 'C:\xampp\mysql\data\ibtmp1' size to 12 MB. Physically writing the file full; Please wait ...
2025-11-19  6:25:28 0 [Note] InnoDB: File 'C:\xampp\mysql\data\ibtmp1' size is now 12 MB.
2025-11-19  6:25:28 0 [Note] InnoDB: Waiting for purge to start
2025-11-19  6:25:28 0 [Note] InnoDB: 10.4.32 started; log sequence number 2153329; transaction id 3063
2025-11-19  6:25:28 0 [Note] InnoDB: Loading buffer pool(s) from C:\xampp\mysql\data\ib_buffer_pool
2025-11-19  6:25:28 0 [Note] Plugin 'FEEDBACK' is disabled.
2025-11-19  6:25:28 0 [Note] Server socket created on IP: '::'.
2025-11-19  6:25:28 0 [Note] InnoDB: Buffer pool(s) load completed at 251119  6:25:28
2025-11-19  6:25:28 0 [Note] Reading of all Master_info entries succeeded
2025-11-19  6:25:28 0 [Note] Added new Master_info '' to hash table
2025-11-19  6:25:28 0 [Note] C:\xampp\mysql\bin\mysqld.exe: ready for connections.
Version: '10.4.32-MariaDB'  socket: ''  port: 3306  mariadb.org binary distribution
2025-11-24 12:49:58 0 [Note] Starting MariaDB 10.4.32-MariaDB source revision c4143f909528e3fab0677a28631d10389354c491 as process 3344
2025-11-24 12:49:58 0 [Note] InnoDB: Mutexes and rw_locks use Windows interlocked functions
2025-11-24 12:49:58 0 [Note] InnoDB: Uses event mutexes
2025-11-24 12:49:58 0 [Note] InnoDB: Compressed tables use zlib 1.3
2025-11-24 12:49:58 0 [Note] InnoDB: Number of pools: 1
2025-11-24 12:49:58 0 [Note] InnoDB: Using SSE2 crc32 instructions
2025-11-24 12:49:58 0 [Note] InnoDB: Initializing buffer pool, total size = 16M, instances = 1, chunk size = 16M
2025-11-24 12:49:58 0 [Note] InnoDB: Completed initialization of buffer pool
2025-11-24 12:49:58 0 [Note] InnoDB: Starting crash recovery from checkpoint LSN=2153916
2025-11-24 12:49:59 0 [Note] InnoDB: 128 out of 128 rollback segments are active.
2025-11-24 12:49:59 0 [Note] InnoDB: Removed temporary tablespace data file: "ibtmp1"
2025-11-24 12:49:59 0 [Note] InnoDB: Creating shared tablespace for temporary tables
2025-11-24 12:49:59 0 [Note] InnoDB: Setting file 'C:\xampp\mysql\data\ibtmp1' size to 12 MB. Physically writing the file full; Please wait ...
2025-11-24 12:49:59 0 [Note] InnoDB: File 'C:\xampp\mysql\data\ibtmp1' size is now 12 MB.
2025-11-24 12:49:59 0 [Note] InnoDB: Waiting for purge to start
2025-11-24 12:49:59 0 [Note] InnoDB: 10.4.32 started; log sequence number 2153925; transaction id 3069
2025-11-24 12:49:59 0 [Note] InnoDB: Loading buffer pool(s) from C:\xampp\mysql\data\ib_buffer_pool
2025-11-24 12:49:59 0 [Note] Plugin 'FEEDBACK' is disabled.
2025-11-24 12:49:59 0 [Note] Server socket created on IP: '::'.
2025-11-24 12:49:59 0 [Note] InnoDB: Buffer pool(s) load completed at 251124 12:49:59
2025-11-24 12:49:59 0 [Note] Reading of all Master_info entries succeeded
2025-11-24 12:49:59 0 [Note] Added new Master_info '' to hash table
2025-11-24 12:49:59 0 [Note] C:\xampp\mysql\bin\mysqld.exe: ready for connections.
Version: '10.4.32-MariaDB'  socket: ''  port: 3306  mariadb.org binary distribution
2025-11-24 13:28:08 48 [ERROR] Invalid (old?) table or database name '0101-mas'
2025-11-24 13:28:08 48 [ERROR] Invalid (old?) table or database name 'AdminLTE-4.0.0-rc4'
2025-11-24 13:28:08 48 [ERROR] Invalid (old?) table or database name '0101-mas'
2025-11-24 13:28:08 48 [ERROR] Invalid (old?) table or database name 'AdminLTE-4.0.0-rc4'
2025-11-24 13:28:08 48 [ERROR] Invalid (old?) table or database name '0101-mas'
2025-11-24 13:28:08 48 [ERROR] Invalid (old?) table or database name 'AdminLTE-4.0.0-rc4'
2025-11-24 13:28:08 48 [ERROR] Invalid (old?) table or database name '0101-mas'
2025-11-24 13:28:08 48 [ERROR] Invalid (old?) table or database name 'AdminLTE-4.0.0-rc4'
2025-11-24 14:15:49 138 [ERROR] Invalid (old?) table or database name '0101-mas'
2025-11-24 14:15:49 138 [ERROR] Invalid (old?) table or database name 'AdminLTE-4.0.0-rc4'
2025-11-24 14:15:49 138 [ERROR] Invalid (old?) table or database name '0101-mas'
2025-11-24 14:15:49 138 [ERROR] Invalid (old?) table or database name 'AdminLTE-4.0.0-rc4'
2025-11-24 14:15:49 138 [ERROR] Invalid (old?) table or database name '0101-mas'
2025-11-24 14:15:49 138 [ERROR] Invalid (old?) table or database name 'AdminLTE-4.0.0-rc4'
2025-11-24 14:15:49 138 [ERROR] Invalid (old?) table or database name '0101-mas'
2025-11-24 14:15:49 138 [ERROR] Invalid (old?) table or database name 'AdminLTE-4.0.0-rc4'
2025-11-24 14:15:49 138 [ERROR] Invalid (old?) table or database name '0101-mas'
2025-11-24 14:15:49 138 [ERROR] Invalid (old?) table or database name 'AdminLTE-4.0.0-rc4'
2025-11-24 14:15:52 140 [ERROR] Invalid (old?) table or database name '0101-mas'
2025-11-24 14:15:52 140 [ERROR] Invalid (old?) table or database name 'AdminLTE-4.0.0-rc4'
2025-11-24 14:15:52 140 [ERROR] Invalid (old?) table or database name '0101-mas'
2025-11-24 14:15:52 140 [ERROR] Invalid (old?) table or database name 'AdminLTE-4.0.0-rc4'
2025-11-24 14:15:52 140 [ERROR] Invalid (old?) table or database name '0101-mas'
2025-11-24 14:15:52 140 [ERROR] Invalid (old?) table or database name 'AdminLTE-4.0.0-rc4'
2025-11-24 14:15:52 140 [ERROR] Invalid (old?) table or database name '0101-mas'
2025-11-24 14:15:52 140 [ERROR] Invalid (old?) table or database name 'AdminLTE-4.0.0-rc4'
2025-11-24 14:15:53 148 [ERROR] Invalid (old?) table or database name '0101-mas'
2025-11-24 14:15:53 148 [ERROR] Invalid (old?) table or database name 'AdminLTE-4.0.0-rc4'
2025-11-24 14:15:53 148 [ERROR] Invalid (old?) table or database name '0101-mas'
2025-11-24 14:15:53 148 [ERROR] Invalid (old?) table or database name 'AdminLTE-4.0.0-rc4'
2025-11-24 14:16:16 158 [ERROR] Invalid (old?) table or database name '0101-mas'
2025-11-24 14:16:16 158 [ERROR] Invalid (old?) table or database name 'AdminLTE-4.0.0-rc4'
2025-11-24 14:16:16 158 [ERROR] Invalid (old?) table or database name '0101-mas'
2025-11-24 14:16:16 158 [ERROR] Invalid (old?) table or database name 'AdminLTE-4.0.0-rc4'
2025-11-24 14:16:16 158 [ERROR] Invalid (old?) table or database name '0101-mas'
2025-11-24 14:16:16 158 [ERROR] Invalid (old?) table or database name 'AdminLTE-4.0.0-rc4'
2025-11-24 14:16:16 158 [ERROR] Invalid (old?) table or database name '0101-mas'
2025-11-24 14:16:16 158 [ERROR] Invalid (old?) table or database name 'AdminLTE-4.0.0-rc4'
2025-11-24 14:16:28 164 [ERROR] Invalid (old?) table or database name '0101-mas'
2025-11-24 14:16:28 164 [ERROR] Invalid (old?) table or database name 'AdminLTE-4.0.0-rc4'
2025-11-24 14:16:28 164 [ERROR] Invalid (old?) table or database name '0101-mas'
2025-11-24 14:16:28 164 [ERROR] Invalid (old?) table or database name 'AdminLTE-4.0.0-rc4'
2025-11-24 14:16:28 164 [ERROR] Invalid (old?) table or database name '0101-mas'
2025-11-24 14:16:28 164 [ERROR] Invalid (old?) table or database name 'AdminLTE-4.0.0-rc4'
2025-11-24 14:16:28 164 [ERROR] Invalid (old?) table or database name '0101-mas'
2025-11-24 14:16:28 164 [ERROR] Invalid (old?) table or database name 'AdminLTE-4.0.0-rc4'
2025-11-24 14:16:39 180 [ERROR] Invalid (old?) table or database name '0101-mas'
2025-11-24 14:16:39 180 [ERROR] Invalid (old?) table or database name 'AdminLTE-4.0.0-rc4'
2025-11-24 14:16:39 180 [ERROR] Invalid (old?) table or database name '0101-mas'
2025-11-24 14:16:39 180 [ERROR] Invalid (old?) table or database name 'AdminLTE-4.0.0-rc4'
2025-11-24 14:16:39 180 [ERROR] Invalid (old?) table or database name '0101-mas'
2025-11-24 14:16:39 180 [ERROR] Invalid (old?) table or database name 'AdminLTE-4.0.0-rc4'
2025-11-24 14:16:39 180 [ERROR] Invalid (old?) table or database name '0101-mas'
2025-11-24 14:16:39 180 [ERROR] Invalid (old?) table or database name 'AdminLTE-4.0.0-rc4'
2025-11-24 16:47:16 263 [ERROR] Invalid (old?) table or database name '0101-mas'
2025-11-24 16:47:16 263 [ERROR] Invalid (old?) table or database name 'AdminLTE-4.0.0-rc4'
2025-11-24 16:47:16 263 [ERROR] Invalid (old?) table or database name '0101-mas'
2025-11-24 16:47:16 263 [ERROR] Invalid (old?) table or database name 'AdminLTE-4.0.0-rc4'
2025-11-24 16:47:16 263 [ERROR] Invalid (old?) table or database name '0101-mas'
2025-11-24 16:47:16 263 [ERROR] Invalid (old?) table or database name 'AdminLTE-4.0.0-rc4'
2025-11-24 16:47:16 263 [ERROR] Invalid (old?) table or database name '0101-mas'
2025-11-24 16:47:16 263 [ERROR] Invalid (old?) table or database name 'AdminLTE-4.0.0-rc4'
2025-11-24 16:47:17 267 [ERROR] Invalid (old?) table or database name '0101-mas'
2025-11-24 16:47:17 267 [ERROR] Invalid (old?) table or database name 'AdminLTE-4.0.0-rc4'
2025-11-24 16:47:17 267 [ERROR] Invalid (old?) table or database name '0101-mas'
2025-11-24 16:47:17 267 [ERROR] Invalid (old?) table or database name 'AdminLTE-4.0.0-rc4'
2025-11-24 16:47:17 267 [ERROR] Invalid (old?) table or database name '0101-mas'
2025-11-24 16:47:17 267 [ERROR] Invalid (old?) table or database name 'AdminLTE-4.0.0-rc4'
2025-11-24 16:47:17 267 [ERROR] Invalid (old?) table or database name '0101-mas'
2025-11-24 16:47:17 267 [ERROR] Invalid (old?) table or database name 'AdminLTE-4.0.0-rc4'
2025-11-24 16:52:06 296 [ERROR] Invalid (old?) table or database name '0101-mas'
2025-11-24 16:52:06 296 [ERROR] Invalid (old?) table or database name 'AdminLTE-4.0.0-rc4'
2025-11-24 16:52:06 296 [ERROR] Invalid (old?) table or database name '0101-mas'
2025-11-24 16:52:06 296 [ERROR] Invalid (old?) table or database name 'AdminLTE-4.0.0-rc4'
2025-11-24 16:52:06 296 [ERROR] Invalid (old?) table or database name '0101-mas'
2025-11-24 16:52:06 296 [ERROR] Invalid (old?) table or database name 'AdminLTE-4.0.0-rc4'
2025-11-24 16:52:06 296 [ERROR] Invalid (old?) table or database name '0101-mas'
2025-11-24 16:52:06 296 [ERROR] Invalid (old?) table or database name 'AdminLTE-4.0.0-rc4'
2025-11-24 16:53:28 306 [ERROR] Invalid (old?) table or database name '0101-mas'
2025-11-24 16:53:28 306 [ERROR] Invalid (old?) table or database name 'AdminLTE-4.0.0-rc4'
2025-11-24 16:53:28 306 [ERROR] Invalid (old?) table or database name '0101-mas'
2025-11-24 16:53:28 306 [ERROR] Invalid (old?) table or database name 'AdminLTE-4.0.0-rc4'
2025-11-24 16:53:28 306 [ERROR] Invalid (old?) table or database name '0101-mas'
2025-11-24 16:53:28 306 [ERROR] Invalid (old?) table or database name 'AdminLTE-4.0.0-rc4'
2025-11-24 16:53:28 306 [ERROR] Invalid (old?) table or database name '0101-mas'
2025-11-24 16:53:28 306 [ERROR] Invalid (old?) table or database name 'AdminLTE-4.0.0-rc4'
2025-11-24 16:58:56 328 [ERROR] Invalid (old?) table or database name '0101-mas'
2025-11-24 16:58:56 328 [ERROR] Invalid (old?) table or database name 'AdminLTE-4.0.0-rc4'
2025-11-24 16:58:56 328 [ERROR] Invalid (old?) table or database name '0101-mas'
2025-11-24 16:58:56 328 [ERROR] Invalid (old?) table or database name 'AdminLTE-4.0.0-rc4'
2025-11-24 16:58:56 328 [ERROR] Invalid (old?) table or database name '0101-mas'
2025-11-24 16:58:56 328 [ERROR] Invalid (old?) table or database name 'AdminLTE-4.0.0-rc4'
2025-11-24 16:58:56 328 [ERROR] Invalid (old?) table or database name '0101-mas'
2025-11-24 16:58:56 328 [ERROR] Invalid (old?) table or database name 'AdminLTE-4.0.0-rc4'
2025-11-24 16:59:07 334 [ERROR] Invalid (old?) table or database name '0101-mas'
2025-11-24 16:59:07 334 [ERROR] Invalid (old?) table or database name 'AdminLTE-4.0.0-rc4'
2025-11-24 16:59:07 334 [ERROR] Invalid (old?) table or database name '0101-mas'
2025-11-24 16:59:07 334 [ERROR] Invalid (old?) table or database name 'AdminLTE-4.0.0-rc4'
2025-11-24 16:59:07 334 [ERROR] Invalid (old?) table or database name '0101-mas'
2025-11-24 16:59:07 334 [ERROR] Invalid (old?) table or database name 'AdminLTE-4.0.0-rc4'
2025-11-24 16:59:07 334 [ERROR] Invalid (old?) table or database name '0101-mas'
2025-11-24 16:59:07 334 [ERROR] Invalid (old?) table or database name 'AdminLTE-4.0.0-rc4'
2025-11-24 16:59:27 344 [ERROR] Invalid (old?) table or database name '0101-mas'
2025-11-24 16:59:27 344 [ERROR] Invalid (old?) table or database name 'AdminLTE-4.0.0-rc4'
2025-11-24 16:59:27 344 [ERROR] Invalid (old?) table or database name '0101-mas'
2025-11-24 16:59:27 344 [ERROR] Invalid (old?) table or database name 'AdminLTE-4.0.0-rc4'
2025-11-24 16:59:27 344 [ERROR] Invalid (old?) table or database name '0101-mas'
2025-11-24 16:59:27 344 [ERROR] Invalid (old?) table or database name 'AdminLTE-4.0.0-rc4'
2025-11-24 16:59:27 344 [ERROR] Invalid (old?) table or database name '0101-mas'
2025-11-24 16:59:27 344 [ERROR] Invalid (old?) table or database name 'AdminLTE-4.0.0-rc4'
2025-11-24 16:59:29 350 [ERROR] Invalid (old?) table or database name '0101-mas'
2025-11-24 16:59:29 350 [ERROR] Invalid (old?) table or database name 'AdminLTE-4.0.0-rc4'
2025-11-24 16:59:29 350 [ERROR] Invalid (old?) table or database name '0101-mas'
2025-11-24 16:59:29 350 [ERROR] Invalid (old?) table or database name 'AdminLTE-4.0.0-rc4'
2025-11-24 16:59:29 350 [ERROR] Invalid (old?) table or database name '0101-mas'
2025-11-24 16:59:29 350 [ERROR] Invalid (old?) table or database name 'AdminLTE-4.0.0-rc4'
2025-11-24 16:59:29 350 [ERROR] Invalid (old?) table or database name '0101-mas'
2025-11-24 16:59:29 350 [ERROR] Invalid (old?) table or database name 'AdminLTE-4.0.0-rc4'
2025-11-24 19:16:18 0 [Note] C:\xampp\mysql\bin\mysqld.exe (initiated by: unknown): Normal shutdown
2025-11-24 19:16:18 0 [Note] Event Scheduler: Purging the queue. 0 events
2025-11-24 19:16:18 0 [Note] InnoDB: FTS optimize thread exiting.
2025-11-24 19:16:18 0 [Note] InnoDB: Starting shutdown...
2025-11-24 19:16:18 0 [Note] InnoDB: Dumping buffer pool(s) to C:\xampp\mysql\data\ib_buffer_pool
2025-11-24 19:16:18 0 [Note] InnoDB: Instance 0, restricted to 250 pages due to innodb_buf_pool_dump_pct=25
2025-11-24 19:16:18 0 [Note] InnoDB: Buffer pool(s) dump completed at 251124 19:16:18
2025-11-24 19:16:19 0 [Note] InnoDB: Removed temporary tablespace data file: "ibtmp1"
2025-11-24 19:16:19 0 [Note] InnoDB: Shutdown completed; log sequence number 2170768; transaction id 3141
2025-11-24 19:16:19 0 [Note] C:\xampp\mysql\bin\mysqld.exe: Shutdown complete

2025-11-24 19:16:43 0 [Note] Starting MariaDB 10.4.32-MariaDB source revision c4143f909528e3fab0677a28631d10389354c491 as process 13732
2025-11-24 19:16:43 0 [Note] InnoDB: Mutexes and rw_locks use Windows interlocked functions
2025-11-24 19:16:43 0 [Note] InnoDB: Uses event mutexes
2025-11-24 19:16:43 0 [Note] InnoDB: Compressed tables use zlib 1.3
2025-11-24 19:16:43 0 [Note] InnoDB: Number of pools: 1
2025-11-24 19:16:43 0 [Note] InnoDB: Using SSE2 crc32 instructions
2025-11-24 19:16:43 0 [Note] InnoDB: Initializing buffer pool, total size = 16M, instances = 1, chunk size = 16M
2025-11-24 19:16:43 0 [Note] InnoDB: Completed initialization of buffer pool
2025-11-24 19:16:43 0 [Note] InnoDB: 128 out of 128 rollback segments are active.
2025-11-24 19:16:43 0 [Note] InnoDB: Creating shared tablespace for temporary tables
2025-11-24 19:16:43 0 [Note] InnoDB: Setting file 'C:\xampp\mysql\data\ibtmp1' size to 12 MB. Physically writing the file full; Please wait ...
2025-11-24 19:16:43 0 [Note] InnoDB: File 'C:\xampp\mysql\data\ibtmp1' size is now 12 MB.
2025-11-24 19:16:43 0 [Note] InnoDB: Waiting for purge to start
2025-11-24 19:16:43 0 [Note] InnoDB: 10.4.32 started; log sequence number 2170768; transaction id 3142
2025-11-24 19:16:43 0 [Note] InnoDB: Loading buffer pool(s) from C:\xampp\mysql\data\ib_buffer_pool
2025-11-24 19:16:43 0 [Note] Plugin 'FEEDBACK' is disabled.
2025-11-24 19:16:43 0 [Note] Server socket created on IP: '::'.
2025-11-24 19:16:43 0 [Note] InnoDB: Buffer pool(s) load completed at 251124 19:16:43
2025-11-24 19:16:44 0 [Note] Reading of all Master_info entries succeeded
2025-11-24 19:16:44 0 [Note] Added new Master_info '' to hash table
2025-11-24 19:16:44 0 [Note] C:\xampp\mysql\bin\mysqld.exe: ready for connections.
Version: '10.4.32-MariaDB'  socket: ''  port: 3306  mariadb.org binary distribution
2025-11-26 23:30:31 231 [ERROR] Invalid (old?) table or database name '0101-mas'
2025-11-26 23:30:31 231 [ERROR] Invalid (old?) table or database name 'AdminLTE-4.0.0-rc4'
2025-11-26 23:30:31 231 [ERROR] Invalid (old?) table or database name '0101-mas'
2025-11-26 23:30:31 231 [ERROR] Invalid (old?) table or database name 'AdminLTE-4.0.0-rc4'
2025-11-26 23:30:31 231 [ERROR] Invalid (old?) table or database name '0101-mas'
2025-11-26 23:30:31 231 [ERROR] Invalid (old?) table or database name 'AdminLTE-4.0.0-rc4'
2025-11-26 23:30:31 231 [ERROR] Invalid (old?) table or database name '0101-mas'
2025-11-26 23:30:31 231 [ERROR] Invalid (old?) table or database name 'AdminLTE-4.0.0-rc4'
2025-11-26 23:30:34 237 [ERROR] Invalid (old?) table or database name '0101-mas'
2025-11-26 23:30:34 237 [ERROR] Invalid (old?) table or database name 'AdminLTE-4.0.0-rc4'
2025-11-26 23:30:34 237 [ERROR] Invalid (old?) table or database name '0101-mas'
2025-11-26 23:30:34 237 [ERROR] Invalid (old?) table or database name 'AdminLTE-4.0.0-rc4'
2025-11-26 23:30:34 237 [ERROR] Invalid (old?) table or database name '0101-mas'
2025-11-26 23:30:34 237 [ERROR] Invalid (old?) table or database name 'AdminLTE-4.0.0-rc4'
2025-11-26 23:30:34 237 [ERROR] Invalid (old?) table or database name '0101-mas'
2025-11-26 23:30:34 237 [ERROR] Invalid (old?) table or database name 'AdminLTE-4.0.0-rc4'
2025-11-26 23:30:35 243 [ERROR] Invalid (old?) table or database name '0101-mas'
2025-11-26 23:30:35 243 [ERROR] Invalid (old?) table or database name 'AdminLTE-4.0.0-rc4'
2025-11-26 23:30:35 243 [ERROR] Invalid (old?) table or database name '0101-mas'
2025-11-26 23:30:35 243 [ERROR] Invalid (old?) table or database name 'AdminLTE-4.0.0-rc4'
2025-11-26 23:49:38 272 [ERROR] Invalid (old?) table or database name '0101-mas'
2025-11-26 23:49:38 272 [ERROR] Invalid (old?) table or database name 'AdminLTE-4.0.0-rc4'
2025-11-26 23:49:38 272 [ERROR] Invalid (old?) table or database name '0101-mas'
2025-11-26 23:49:38 272 [ERROR] Invalid (old?) table or database name 'AdminLTE-4.0.0-rc4'
2025-11-26 23:49:38 272 [ERROR] Invalid (old?) table or database name '0101-mas'
2025-11-26 23:49:38 272 [ERROR] Invalid (old?) table or database name 'AdminLTE-4.0.0-rc4'
2025-11-26 23:49:38 272 [ERROR] Invalid (old?) table or database name '0101-mas'
2025-11-26 23:49:38 272 [ERROR] Invalid (old?) table or database name 'AdminLTE-4.0.0-rc4'
2025-11-26 23:49:53 282 [ERROR] Invalid (old?) table or database name '0101-mas'
2025-11-26 23:49:53 282 [ERROR] Invalid (old?) table or database name 'AdminLTE-4.0.0-rc4'
2025-11-26 23:49:53 282 [ERROR] Invalid (old?) table or database name '0101-mas'
2025-11-26 23:49:53 282 [ERROR] Invalid (old?) table or database name 'AdminLTE-4.0.0-rc4'
2025-11-26 23:49:53 282 [ERROR] Invalid (old?) table or database name '0101-mas'
2025-11-26 23:49:53 282 [ERROR] Invalid (old?) table or database name 'AdminLTE-4.0.0-rc4'
2025-11-26 23:49:53 282 [ERROR] Invalid (old?) table or database name '0101-mas'
2025-11-26 23:49:53 282 [ERROR] Invalid (old?) table or database name 'AdminLTE-4.0.0-rc4'
2025-11-27  5:51:26 289 [ERROR] Invalid (old?) table or database name '0101-mas'
2025-11-27  5:51:26 289 [ERROR] Invalid (old?) table or database name 'AdminLTE-4.0.0-rc4'
2025-11-27  5:51:26 289 [ERROR] Invalid (old?) table or database name '0101-mas'
2025-11-27  5:51:26 289 [ERROR] Invalid (old?) table or database name 'AdminLTE-4.0.0-rc4'
2025-11-27  5:51:26 289 [ERROR] Invalid (old?) table or database name '0101-mas'
2025-11-27  5:51:26 289 [ERROR] Invalid (old?) table or database name 'AdminLTE-4.0.0-rc4'
2025-11-27  5:51:26 289 [ERROR] Invalid (old?) table or database name '0101-mas'
2025-11-27  5:51:26 289 [ERROR] Invalid (old?) table or database name 'AdminLTE-4.0.0-rc4'
2025-11-27  5:51:27 291 [ERROR] Invalid (old?) table or database name '0101-mas'
2025-11-27  5:51:27 291 [ERROR] Invalid (old?) table or database name 'AdminLTE-4.0.0-rc4'
2025-11-27  5:51:27 291 [ERROR] Invalid (old?) table or database name '0101-mas'
2025-11-27  5:51:27 291 [ERROR] Invalid (old?) table or database name 'AdminLTE-4.0.0-rc4'
2025-11-27  5:51:27 291 [ERROR] Invalid (old?) table or database name '0101-mas'
2025-11-27  5:51:27 291 [ERROR] Invalid (old?) table or database name 'AdminLTE-4.0.0-rc4'
2025-11-27  5:51:27 291 [ERROR] Invalid (old?) table or database name '0101-mas'
2025-11-27  5:51:27 291 [ERROR] Invalid (old?) table or database name 'AdminLTE-4.0.0-rc4'
2025-11-27  5:51:39 305 [ERROR] Invalid (old?) table or database name '0101-mas'
2025-11-27  5:51:39 305 [ERROR] Invalid (old?) table or database name 'AdminLTE-4.0.0-rc4'
2025-11-27  5:51:39 305 [ERROR] Invalid (old?) table or database name '0101-mas'
2025-11-27  5:51:39 305 [ERROR] Invalid (old?) table or database name 'AdminLTE-4.0.0-rc4'
2025-11-27  5:51:39 305 [ERROR] Invalid (old?) table or database name '0101-mas'
2025-11-27  5:51:39 305 [ERROR] Invalid (old?) table or database name 'AdminLTE-4.0.0-rc4'
2025-11-27  5:51:39 305 [ERROR] Invalid (old?) table or database name '0101-mas'
2025-11-27  5:51:39 305 [ERROR] Invalid (old?) table or database name 'AdminLTE-4.0.0-rc4'
2025-11-27  5:51:39 307 [ERROR] Invalid (old?) table or database name '0101-mas'
2025-11-27  5:51:39 307 [ERROR] Invalid (old?) table or database name 'AdminLTE-4.0.0-rc4'
2025-11-27  5:51:39 307 [ERROR] Invalid (old?) table or database name '0101-mas'
2025-11-27  5:51:39 307 [ERROR] Invalid (old?) table or database name 'AdminLTE-4.0.0-rc4'
2025-11-27  5:51:39 309 [ERROR] Invalid (old?) table or database name '0101-mas'
2025-11-27  5:51:39 309 [ERROR] Invalid (old?) table or database name 'AdminLTE-4.0.0-rc4'
2025-11-27  5:51:39 309 [ERROR] Invalid (old?) table or database name '0101-mas'
2025-11-27  5:51:39 309 [ERROR] Invalid (old?) table or database name 'AdminLTE-4.0.0-rc4'
2025-11-27  5:52:35 317 [ERROR] Invalid (old?) table or database name '0101-mas'
2025-11-27  5:52:35 317 [ERROR] Invalid (old?) table or database name 'AdminLTE-4.0.0-rc4'
2025-11-27  5:52:35 317 [ERROR] Invalid (old?) table or database name '0101-mas'
2025-11-27  5:52:35 317 [ERROR] Invalid (old?) table or database name 'AdminLTE-4.0.0-rc4'
2025-11-27  5:52:35 317 [ERROR] Invalid (old?) table or database name '0101-mas'
2025-11-27  5:52:35 317 [ERROR] Invalid (old?) table or database name 'AdminLTE-4.0.0-rc4'
2025-11-27  5:52:35 317 [ERROR] Invalid (old?) table or database name '0101-mas'
2025-11-27  5:52:35 317 [ERROR] Invalid (old?) table or database name 'AdminLTE-4.0.0-rc4'
2025-11-27  7:56:03 333 [ERROR] Invalid (old?) table or database name '0101-mas'
2025-11-27  7:56:03 333 [ERROR] Invalid (old?) table or database name 'AdminLTE-4.0.0-rc4'
2025-11-27  7:56:03 333 [ERROR] Invalid (old?) table or database name '0101-mas'
2025-11-27  7:56:03 333 [ERROR] Invalid (old?) table or database name 'AdminLTE-4.0.0-rc4'
2025-11-27  7:56:03 333 [ERROR] Invalid (old?) table or database name '0101-mas'
2025-11-27  7:56:03 333 [ERROR] Invalid (old?) table or database name 'AdminLTE-4.0.0-rc4'
2025-11-27  7:56:03 333 [ERROR] Invalid (old?) table or database name '0101-mas'
2025-11-27  7:56:03 333 [ERROR] Invalid (old?) table or database name 'AdminLTE-4.0.0-rc4'
2025-11-27  7:56:05 337 [ERROR] Invalid (old?) table or database name '0101-mas'
2025-11-27  7:56:05 337 [ERROR] Invalid (old?) table or database name 'AdminLTE-4.0.0-rc4'
2025-11-27  7:56:05 337 [ERROR] Invalid (old?) table or database name '0101-mas'
2025-11-27  7:56:05 337 [ERROR] Invalid (old?) table or database name 'AdminLTE-4.0.0-rc4'
2025-11-27  7:56:05 337 [ERROR] Invalid (old?) table or database name '0101-mas'
2025-11-27  7:56:05 337 [ERROR] Invalid (old?) table or database name 'AdminLTE-4.0.0-rc4'
2025-11-27  7:56:05 337 [ERROR] Invalid (old?) table or database name '0101-mas'
2025-11-27  7:56:05 337 [ERROR] Invalid (old?) table or database name 'AdminLTE-4.0.0-rc4'
2025-11-27  7:57:29 347 [ERROR] Invalid (old?) table or database name '0101-mas'
2025-11-27  7:57:29 347 [ERROR] Invalid (old?) table or database name 'AdminLTE-4.0.0-rc4'
2025-11-27  7:57:29 347 [ERROR] Invalid (old?) table or database name '0101-mas'
2025-11-27  7:57:29 347 [ERROR] Invalid (old?) table or database name 'AdminLTE-4.0.0-rc4'
2025-11-27  7:57:29 347 [ERROR] Invalid (old?) table or database name '0101-mas'
2025-11-27  7:57:29 347 [ERROR] Invalid (old?) table or database name 'AdminLTE-4.0.0-rc4'
2025-11-27  7:57:29 347 [ERROR] Invalid (old?) table or database name '0101-mas'
2025-11-27  7:57:29 347 [ERROR] Invalid (old?) table or database name 'AdminLTE-4.0.0-rc4'
2025-11-27  8:00:02 355 [ERROR] Invalid (old?) table or database name '0101-mas'
2025-11-27  8:00:02 355 [ERROR] Invalid (old?) table or database name 'AdminLTE-4.0.0-rc4'
2025-11-27  8:00:02 355 [ERROR] Invalid (old?) table or database name '0101-mas'
2025-11-27  8:00:02 355 [ERROR] Invalid (old?) table or database name 'AdminLTE-4.0.0-rc4'
2025-11-27  8:00:02 355 [ERROR] Invalid (old?) table or database name '0101-mas'
2025-11-27  8:00:02 355 [ERROR] Invalid (old?) table or database name 'AdminLTE-4.0.0-rc4'
2025-11-27  8:00:02 355 [ERROR] Invalid (old?) table or database name '0101-mas'
2025-11-27  8:00:02 355 [ERROR] Invalid (old?) table or database name 'AdminLTE-4.0.0-rc4'
2025-11-27  8:00:03 361 [ERROR] Invalid (old?) table or database name '0101-mas'
2025-11-27  8:00:03 361 [ERROR] Invalid (old?) table or database name 'AdminLTE-4.0.0-rc4'
2025-11-27  8:00:03 361 [ERROR] Invalid (old?) table or database name '0101-mas'
2025-11-27  8:00:03 361 [ERROR] Invalid (old?) table or database name 'AdminLTE-4.0.0-rc4'
2025-11-27  8:00:03 361 [ERROR] Invalid (old?) table or database name '0101-mas'
2025-11-27  8:00:03 361 [ERROR] Invalid (old?) table or database name 'AdminLTE-4.0.0-rc4'
2025-11-27  8:00:03 361 [ERROR] Invalid (old?) table or database name '0101-mas'
2025-11-27  8:00:03 361 [ERROR] Invalid (old?) table or database name 'AdminLTE-4.0.0-rc4'
2025-11-27  8:00:07 367 [ERROR] Invalid (old?) table or database name '0101-mas'
2025-11-27  8:00:07 367 [ERROR] Invalid (old?) table or database name 'AdminLTE-4.0.0-rc4'
2025-11-27  8:00:07 367 [ERROR] Invalid (old?) table or database name '0101-mas'
2025-11-27  8:00:07 367 [ERROR] Invalid (old?) table or database name 'AdminLTE-4.0.0-rc4'
2025-11-27  8:00:07 367 [ERROR] Invalid (old?) table or database name '0101-mas'
2025-11-27  8:00:07 367 [ERROR] Invalid (old?) table or database name 'AdminLTE-4.0.0-rc4'
2025-11-27  8:00:07 367 [ERROR] Invalid (old?) table or database name '0101-mas'
2025-11-27  8:00:07 367 [ERROR] Invalid (old?) table or database name 'AdminLTE-4.0.0-rc4'
2025-11-27  8:00:07 371 [ERROR] Invalid (old?) table or database name '0101-mas'
2025-11-27  8:00:07 371 [ERROR] Invalid (old?) table or database name 'AdminLTE-4.0.0-rc4'
2025-11-27  8:00:07 371 [ERROR] Invalid (old?) table or database name '0101-mas'
2025-11-27  8:00:07 371 [ERROR] Invalid (old?) table or database name 'AdminLTE-4.0.0-rc4'
2025-11-27  8:00:08 371 [ERROR] Invalid (old?) table or database name '0101-mas'
2025-11-27  8:00:08 371 [ERROR] Invalid (old?) table or database name 'AdminLTE-4.0.0-rc4'
2025-11-27  8:00:08 371 [ERROR] Invalid (old?) table or database name '0101-mas'
2025-11-27  8:00:08 371 [ERROR] Invalid (old?) table or database name 'AdminLTE-4.0.0-rc4'
2025-11-27  8:00:48 379 [ERROR] Invalid (old?) table or database name '0101-mas'
2025-11-27  8:00:48 379 [ERROR] Invalid (old?) table or database name 'AdminLTE-4.0.0-rc4'
2025-11-27  8:00:48 379 [ERROR] Invalid (old?) table or database name '0101-mas'
2025-11-27  8:00:48 379 [ERROR] Invalid (old?) table or database name 'AdminLTE-4.0.0-rc4'
2025-11-27  8:00:48 379 [ERROR] Invalid (old?) table or database name '0101-mas'
2025-11-27  8:00:48 379 [ERROR] Invalid (old?) table or database name 'AdminLTE-4.0.0-rc4'
2025-11-27  8:00:48 379 [ERROR] Invalid (old?) table or database name '0101-mas'
2025-11-27  8:00:48 379 [ERROR] Invalid (old?) table or database name 'AdminLTE-4.0.0-rc4'
2025-11-27  8:00:48 385 [ERROR] Invalid (old?) table or database name '0101-mas'
2025-11-27  8:00:48 385 [ERROR] Invalid (old?) table or database name 'AdminLTE-4.0.0-rc4'
2025-11-27  8:00:48 385 [ERROR] Invalid (old?) table or database name '0101-mas'
2025-11-27  8:00:48 385 [ERROR] Invalid (old?) table or database name 'AdminLTE-4.0.0-rc4'
2025-11-27  8:00:49 385 [ERROR] Invalid (old?) table or database name '0101-mas'
2025-11-27  8:00:49 385 [ERROR] Invalid (old?) table or database name 'AdminLTE-4.0.0-rc4'
2025-11-27  8:00:49 385 [ERROR] Invalid (old?) table or database name '0101-mas'
2025-11-27  8:00:49 385 [ERROR] Invalid (old?) table or database name 'AdminLTE-4.0.0-rc4'
2025-11-27  8:02:29 391 [ERROR] Invalid (old?) table or database name '0101-mas'
2025-11-27  8:02:29 391 [ERROR] Invalid (old?) table or database name 'AdminLTE-4.0.0-rc4'
2025-11-27  8:02:29 391 [ERROR] Invalid (old?) table or database name '0101-mas'
2025-11-27  8:02:29 391 [ERROR] Invalid (old?) table or database name 'AdminLTE-4.0.0-rc4'
2025-11-27  8:02:29 391 [ERROR] Invalid (old?) table or database name '0101-mas'
2025-11-27  8:02:29 391 [ERROR] Invalid (old?) table or database name 'AdminLTE-4.0.0-rc4'
2025-11-27  8:02:29 391 [ERROR] Invalid (old?) table or database name '0101-mas'
2025-11-27  8:02:29 391 [ERROR] Invalid (old?) table or database name 'AdminLTE-4.0.0-rc4'
2025-11-27  8:02:30 397 [ERROR] Invalid (old?) table or database name '0101-mas'
2025-11-27  8:02:30 397 [ERROR] Invalid (old?) table or database name 'AdminLTE-4.0.0-rc4'
2025-11-27  8:02:30 397 [ERROR] Invalid (old?) table or database name '0101-mas'
2025-11-27  8:02:30 397 [ERROR] Invalid (old?) table or database name 'AdminLTE-4.0.0-rc4'
2025-11-27  8:02:30 397 [ERROR] Invalid (old?) table or database name '0101-mas'
2025-11-27  8:02:30 397 [ERROR] Invalid (old?) table or database name 'AdminLTE-4.0.0-rc4'
2025-11-27  8:02:30 397 [ERROR] Invalid (old?) table or database name '0101-mas'
2025-11-27  8:02:30 397 [ERROR] Invalid (old?) table or database name 'AdminLTE-4.0.0-rc4'
2025-11-27  8:04:48 435 [ERROR] Invalid (old?) table or database name '0101-mas'
2025-11-27  8:04:48 435 [ERROR] Invalid (old?) table or database name 'AdminLTE-4.0.0-rc4'
2025-11-27  8:04:48 435 [ERROR] Invalid (old?) table or database name '0101-mas'
2025-11-27  8:04:48 435 [ERROR] Invalid (old?) table or database name 'AdminLTE-4.0.0-rc4'
2025-11-27  8:04:48 435 [ERROR] Invalid (old?) table or database name '0101-mas'
2025-11-27  8:04:48 435 [ERROR] Invalid (old?) table or database name 'AdminLTE-4.0.0-rc4'
2025-11-27  8:04:48 435 [ERROR] Invalid (old?) table or database name '0101-mas'
2025-11-27  8:04:48 435 [ERROR] Invalid (old?) table or database name 'AdminLTE-4.0.0-rc4'
2025-11-27  8:04:49 439 [ERROR] Invalid (old?) table or database name '0101-mas'
2025-11-27  8:04:49 439 [ERROR] Invalid (old?) table or database name 'AdminLTE-4.0.0-rc4'
2025-11-27  8:04:49 439 [ERROR] Invalid (old?) table or database name '0101-mas'
2025-11-27  8:04:49 439 [ERROR] Invalid (old?) table or database name 'AdminLTE-4.0.0-rc4'
2025-11-27  8:04:49 439 [ERROR] Invalid (old?) table or database name '0101-mas'
2025-11-27  8:04:49 439 [ERROR] Invalid (old?) table or database name 'AdminLTE-4.0.0-rc4'
2025-11-27  8:04:49 439 [ERROR] Invalid (old?) table or database name '0101-mas'
2025-11-27  8:04:49 439 [ERROR] Invalid (old?) table or database name 'AdminLTE-4.0.0-rc4'
2025-11-27  8:10:25 453 [ERROR] Invalid (old?) table or database name '0101-mas'
2025-11-27  8:10:25 453 [ERROR] Invalid (old?) table or database name 'AdminLTE-4.0.0-rc4'
2025-11-27  8:10:25 453 [ERROR] Invalid (old?) table or database name '0101-mas'
2025-11-27  8:10:25 453 [ERROR] Invalid (old?) table or database name 'AdminLTE-4.0.0-rc4'
2025-11-27  8:10:25 453 [ERROR] Invalid (old?) table or database name '0101-mas'
2025-11-27  8:10:25 453 [ERROR] Invalid (old?) table or database name 'AdminLTE-4.0.0-rc4'
2025-11-27  8:10:25 453 [ERROR] Invalid (old?) table or database name '0101-mas'
2025-11-27  8:10:25 453 [ERROR] Invalid (old?) table or database name 'AdminLTE-4.0.0-rc4'
2025-11-27  8:10:26 461 [ERROR] Invalid (old?) table or database name '0101-mas'
2025-11-27  8:10:26 461 [ERROR] Invalid (old?) table or database name 'AdminLTE-4.0.0-rc4'
2025-11-27  8:10:26 461 [ERROR] Invalid (old?) table or database name '0101-mas'
2025-11-27  8:10:26 461 [ERROR] Invalid (old?) table or database name 'AdminLTE-4.0.0-rc4'
2025-11-27  8:10:26 461 [ERROR] Invalid (old?) table or database name '0101-mas'
2025-11-27  8:10:26 461 [ERROR] Invalid (old?) table or database name 'AdminLTE-4.0.0-rc4'
2025-11-27  8:10:26 461 [ERROR] Invalid (old?) table or database name '0101-mas'
2025-11-27  8:10:26 461 [ERROR] Invalid (old?) table or database name 'AdminLTE-4.0.0-rc4'
2025-11-27  8:10:31 469 [ERROR] Invalid (old?) table or database name '0101-mas'
2025-11-27  8:10:31 469 [ERROR] Invalid (old?) table or database name 'AdminLTE-4.0.0-rc4'
2025-11-27  8:10:31 469 [ERROR] Invalid (old?) table or database name '0101-mas'
2025-11-27  8:10:31 469 [ERROR] Invalid (old?) table or database name 'AdminLTE-4.0.0-rc4'
2025-11-27  8:10:31 469 [ERROR] Invalid (old?) table or database name '0101-mas'
2025-11-27  8:10:31 469 [ERROR] Invalid (old?) table or database name 'AdminLTE-4.0.0-rc4'
2025-11-27  8:10:31 469 [ERROR] Invalid (old?) table or database name '0101-mas'
2025-11-27  8:10:31 469 [ERROR] Invalid (old?) table or database name 'AdminLTE-4.0.0-rc4'
2025-11-27  8:10:32 471 [ERROR] Invalid (old?) table or database name '0101-mas'
2025-11-27  8:10:32 471 [ERROR] Invalid (old?) table or database name 'AdminLTE-4.0.0-rc4'
2025-11-27  8:10:32 471 [ERROR] Invalid (old?) table or database name '0101-mas'
2025-11-27  8:10:32 471 [ERROR] Invalid (old?) table or database name 'AdminLTE-4.0.0-rc4'
2025-11-27  8:10:32 473 [ERROR] Invalid (old?) table or database name '0101-mas'
2025-11-27  8:10:32 473 [ERROR] Invalid (old?) table or database name 'AdminLTE-4.0.0-rc4'
2025-11-27  8:10:32 473 [ERROR] Invalid (old?) table or database name '0101-mas'
2025-11-27  8:10:32 473 [ERROR] Invalid (old?) table or database name 'AdminLTE-4.0.0-rc4'
2025-11-27  8:13:37 479 [ERROR] Invalid (old?) table or database name '0101-mas'
2025-11-27  8:13:37 479 [ERROR] Invalid (old?) table or database name 'AdminLTE-4.0.0-rc4'
2025-11-27  8:13:37 479 [ERROR] Invalid (old?) table or database name '0101-mas'
2025-11-27  8:13:37 479 [ERROR] Invalid (old?) table or database name 'AdminLTE-4.0.0-rc4'
2025-11-27  8:13:37 479 [ERROR] Invalid (old?) table or database name '0101-mas'
2025-11-27  8:13:37 479 [ERROR] Invalid (old?) table or database name 'AdminLTE-4.0.0-rc4'
2025-11-27  8:13:37 479 [ERROR] Invalid (old?) table or database name '0101-mas'
2025-11-27  8:13:37 479 [ERROR] Invalid (old?) table or database name 'AdminLTE-4.0.0-rc4'
2025-11-27  8:13:38 485 [ERROR] Invalid (old?) table or database name '0101-mas'
2025-11-27  8:13:38 485 [ERROR] Invalid (old?) table or database name 'AdminLTE-4.0.0-rc4'
2025-11-27  8:13:38 485 [ERROR] Invalid (old?) table or database name '0101-mas'
2025-11-27  8:13:38 485 [ERROR] Invalid (old?) table or database name 'AdminLTE-4.0.0-rc4'
2025-11-27  8:13:38 485 [ERROR] Invalid (old?) table or database name '0101-mas'
2025-11-27  8:13:38 485 [ERROR] Invalid (old?) table or database name 'AdminLTE-4.0.0-rc4'
2025-11-27  8:13:38 485 [ERROR] Invalid (old?) table or database name '0101-mas'
2025-11-27  8:13:38 485 [ERROR] Invalid (old?) table or database name 'AdminLTE-4.0.0-rc4'
2025-11-27  8:13:39 491 [ERROR] Invalid (old?) table or database name '0101-mas'
2025-11-27  8:13:39 491 [ERROR] Invalid (old?) table or database name 'AdminLTE-4.0.0-rc4'
2025-11-27  8:13:39 491 [ERROR] Invalid (old?) table or database name '0101-mas'
2025-11-27  8:13:39 491 [ERROR] Invalid (old?) table or database name 'AdminLTE-4.0.0-rc4'
2025-11-27  8:13:39 491 [ERROR] Invalid (old?) table or database name '0101-mas'
2025-11-27  8:13:39 491 [ERROR] Invalid (old?) table or database name 'AdminLTE-4.0.0-rc4'
2025-11-27  8:13:39 491 [ERROR] Invalid (old?) table or database name '0101-mas'
2025-11-27  8:13:39 491 [ERROR] Invalid (old?) table or database name 'AdminLTE-4.0.0-rc4'
2025-11-27  8:13:40 499 [ERROR] Invalid (old?) table or database name '0101-mas'
2025-11-27  8:13:40 499 [ERROR] Invalid (old?) table or database name 'AdminLTE-4.0.0-rc4'
2025-11-27  8:13:40 499 [ERROR] Invalid (old?) table or database name '0101-mas'
2025-11-27  8:13:40 499 [ERROR] Invalid (old?) table or database name 'AdminLTE-4.0.0-rc4'
2025-11-27  8:13:40 499 [ERROR] Invalid (old?) table or database name '0101-mas'
2025-11-27  8:13:40 499 [ERROR] Invalid (old?) table or database name 'AdminLTE-4.0.0-rc4'
2025-11-27  8:13:40 499 [ERROR] Invalid (old?) table or database name '0101-mas'
2025-11-27  8:13:40 499 [ERROR] Invalid (old?) table or database name 'AdminLTE-4.0.0-rc4'
2025-11-27  8:22:28 503 [ERROR] Invalid (old?) table or database name '0101-mas'
2025-11-27  8:22:28 503 [ERROR] Invalid (old?) table or database name 'AdminLTE-4.0.0-rc4'
2025-11-27  8:22:28 503 [ERROR] Invalid (old?) table or database name '0101-mas'
2025-11-27  8:22:28 503 [ERROR] Invalid (old?) table or database name 'AdminLTE-4.0.0-rc4'
2025-11-27  8:22:28 503 [ERROR] Invalid (old?) table or database name '0101-mas'
2025-11-27  8:22:28 503 [ERROR] Invalid (old?) table or database name 'AdminLTE-4.0.0-rc4'
2025-11-27  8:22:28 503 [ERROR] Invalid (old?) table or database name '0101-mas'
2025-11-27  8:22:28 503 [ERROR] Invalid (old?) table or database name 'AdminLTE-4.0.0-rc4'
2025-11-27  8:22:30 505 [ERROR] Invalid (old?) table or database name '0101-mas'
2025-11-27  8:22:30 505 [ERROR] Invalid (old?) table or database name 'AdminLTE-4.0.0-rc4'
2025-11-27  8:22:30 505 [ERROR] Invalid (old?) table or database name '0101-mas'
2025-11-27  8:22:30 505 [ERROR] Invalid (old?) table or database name 'AdminLTE-4.0.0-rc4'
2025-11-27  8:22:30 505 [ERROR] Invalid (old?) table or database name '0101-mas'
2025-11-27  8:22:30 505 [ERROR] Invalid (old?) table or database name 'AdminLTE-4.0.0-rc4'
2025-11-27  8:22:30 505 [ERROR] Invalid (old?) table or database name '0101-mas'
2025-11-27  8:22:30 505 [ERROR] Invalid (old?) table or database name 'AdminLTE-4.0.0-rc4'
2025-11-27  8:22:31 509 [ERROR] Invalid (old?) table or database name '0101-mas'
2025-11-27  8:22:31 509 [ERROR] Invalid (old?) table or database name 'AdminLTE-4.0.0-rc4'
2025-11-27  8:22:31 509 [ERROR] Invalid (old?) table or database name '0101-mas'
2025-11-27  8:22:31 509 [ERROR] Invalid (old?) table or database name 'AdminLTE-4.0.0-rc4'
2025-11-27  8:22:31 509 [ERROR] Invalid (old?) table or database name '0101-mas'
2025-11-27  8:22:31 509 [ERROR] Invalid (old?) table or database name 'AdminLTE-4.0.0-rc4'
2025-11-27  8:22:31 509 [ERROR] Invalid (old?) table or database name '0101-mas'
2025-11-27  8:22:31 509 [ERROR] Invalid (old?) table or database name 'AdminLTE-4.0.0-rc4'
2025-11-27  8:28:35 520 [ERROR] Invalid (old?) table or database name '0101-mas'
2025-11-27  8:28:35 520 [ERROR] Invalid (old?) table or database name 'AdminLTE-4.0.0-rc4'
2025-11-27  8:28:35 520 [ERROR] Invalid (old?) table or database name '0101-mas'
2025-11-27  8:28:35 520 [ERROR] Invalid (old?) table or database name 'AdminLTE-4.0.0-rc4'
2025-11-27  8:28:35 520 [ERROR] Invalid (old?) table or database name '0101-mas'
2025-11-27  8:28:35 520 [ERROR] Invalid (old?) table or database name 'AdminLTE-4.0.0-rc4'
2025-11-27  8:28:35 520 [ERROR] Invalid (old?) table or database name '0101-mas'
2025-11-27  8:28:35 520 [ERROR] Invalid (old?) table or database name 'AdminLTE-4.0.0-rc4'
2025-11-27  8:28:36 524 [ERROR] Invalid (old?) table or database name '0101-mas'
2025-11-27  8:28:36 524 [ERROR] Invalid (old?) table or database name 'AdminLTE-4.0.0-rc4'
2025-11-27  8:28:36 524 [ERROR] Invalid (old?) table or database name '0101-mas'
2025-11-27  8:28:36 524 [ERROR] Invalid (old?) table or database name 'AdminLTE-4.0.0-rc4'
2025-11-27  8:28:36 524 [ERROR] Invalid (old?) table or database name '0101-mas'
2025-11-27  8:28:36 524 [ERROR] Invalid (old?) table or database name 'AdminLTE-4.0.0-rc4'
2025-11-27  8:28:36 524 [ERROR] Invalid (old?) table or database name '0101-mas'
2025-11-27  8:28:36 524 [ERROR] Invalid (old?) table or database name 'AdminLTE-4.0.0-rc4'
2025-11-27  8:35:39 544 [ERROR] Invalid (old?) table or database name '0101-mas'
2025-11-27  8:35:39 544 [ERROR] Invalid (old?) table or database name 'AdminLTE-4.0.0-rc4'
2025-11-27  8:35:39 544 [ERROR] Invalid (old?) table or database name '0101-mas'
2025-11-27  8:35:39 544 [ERROR] Invalid (old?) table or database name 'AdminLTE-4.0.0-rc4'
2025-11-27  8:35:40 544 [ERROR] Invalid (old?) table or database name '0101-mas'
2025-11-27  8:35:40 544 [ERROR] Invalid (old?) table or database name 'AdminLTE-4.0.0-rc4'
2025-11-27  8:35:40 544 [ERROR] Invalid (old?) table or database name '0101-mas'
2025-11-27  8:35:40 544 [ERROR] Invalid (old?) table or database name 'AdminLTE-4.0.0-rc4'
2025-11-27 10:03:36 575 [ERROR] Invalid (old?) table or database name '0101-mas'
2025-11-27 10:03:36 575 [ERROR] Invalid (old?) table or database name 'AdminLTE-4.0.0-rc4'
2025-11-27 10:03:36 575 [ERROR] Invalid (old?) table or database name '0101-mas'
2025-11-27 10:03:36 575 [ERROR] Invalid (old?) table or database name 'AdminLTE-4.0.0-rc4'
2025-11-27 10:03:36 575 [ERROR] Invalid (old?) table or database name '0101-mas'
2025-11-27 10:03:36 575 [ERROR] Invalid (old?) table or database name 'AdminLTE-4.0.0-rc4'
2025-11-27 10:03:37 575 [ERROR] Invalid (old?) table or database name '0101-mas'
2025-11-27 10:03:37 575 [ERROR] Invalid (old?) table or database name 'AdminLTE-4.0.0-rc4'
2025-11-27 10:03:39 577 [ERROR] Invalid (old?) table or database name '0101-mas'
2025-11-27 10:03:39 577 [ERROR] Invalid (old?) table or database name 'AdminLTE-4.0.0-rc4'
2025-11-27 10:03:39 577 [ERROR] Invalid (old?) table or database name '0101-mas'
2025-11-27 10:03:39 577 [ERROR] Invalid (old?) table or database name 'AdminLTE-4.0.0-rc4'
2025-11-27 10:03:39 577 [ERROR] Invalid (old?) table or database name '0101-mas'
2025-11-27 10:03:39 577 [ERROR] Invalid (old?) table or database name 'AdminLTE-4.0.0-rc4'
2025-11-27 10:03:39 577 [ERROR] Invalid (old?) table or database name '0101-mas'
2025-11-27 10:03:39 577 [ERROR] Invalid (old?) table or database name 'AdminLTE-4.0.0-rc4'
2025-11-27 10:03:41 585 [ERROR] Invalid (old?) table or database name '0101-mas'
2025-11-27 10:03:41 585 [ERROR] Invalid (old?) table or database name 'AdminLTE-4.0.0-rc4'
2025-11-27 10:03:41 585 [ERROR] Invalid (old?) table or database name '0101-mas'
2025-11-27 10:03:41 585 [ERROR] Invalid (old?) table or database name 'AdminLTE-4.0.0-rc4'
2025-11-27 10:03:41 585 [ERROR] Invalid (old?) table or database name '0101-mas'
2025-11-27 10:03:41 585 [ERROR] Invalid (old?) table or database name 'AdminLTE-4.0.0-rc4'
2025-11-27 10:03:41 585 [ERROR] Invalid (old?) table or database name '0101-mas'
2025-11-27 10:03:41 585 [ERROR] Invalid (old?) table or database name 'AdminLTE-4.0.0-rc4'
2025-11-27 20:19:55 1081 [ERROR] Invalid (old?) table or database name '0101-mas'
2025-11-27 20:19:55 1081 [ERROR] Invalid (old?) table or database name 'AdminLTE-4.0.0-rc4'
2025-11-27 20:19:55 1081 [ERROR] Invalid (old?) table or database name '0101-mas'
2025-11-27 20:19:55 1081 [ERROR] Invalid (old?) table or database name 'AdminLTE-4.0.0-rc4'
2025-11-27 20:19:55 1081 [ERROR] Invalid (old?) table or database name '0101-mas'
2025-11-27 20:19:55 1081 [ERROR] Invalid (old?) table or database name 'AdminLTE-4.0.0-rc4'
2025-11-27 20:19:55 1081 [ERROR] Invalid (old?) table or database name '0101-mas'
2025-11-27 20:19:55 1081 [ERROR] Invalid (old?) table or database name 'AdminLTE-4.0.0-rc4'
2025-11-27 20:19:58 1085 [ERROR] Invalid (old?) table or database name '0101-mas'
2025-11-27 20:19:58 1085 [ERROR] Invalid (old?) table or database name 'AdminLTE-4.0.0-rc4'
2025-11-27 20:19:58 1085 [ERROR] Invalid (old?) table or database name '0101-mas'
2025-11-27 20:19:58 1085 [ERROR] Invalid (old?) table or database name 'AdminLTE-4.0.0-rc4'
2025-11-27 20:19:58 1085 [ERROR] Invalid (old?) table or database name '0101-mas'
2025-11-27 20:19:58 1085 [ERROR] Invalid (old?) table or database name 'AdminLTE-4.0.0-rc4'
2025-11-27 20:19:59 1085 [ERROR] Invalid (old?) table or database name '0101-mas'
2025-11-27 20:19:59 1085 [ERROR] Invalid (old?) table or database name 'AdminLTE-4.0.0-rc4'
2025-11-27 20:19:59 1091 [ERROR] Invalid (old?) table or database name '0101-mas'
2025-11-27 20:19:59 1091 [ERROR] Invalid (old?) table or database name 'AdminLTE-4.0.0-rc4'
2025-11-27 20:19:59 1091 [ERROR] Invalid (old?) table or database name '0101-mas'
2025-11-27 20:19:59 1091 [ERROR] Invalid (old?) table or database name 'AdminLTE-4.0.0-rc4'
2025-11-27 20:21:02 1097 [ERROR] Invalid (old?) table or database name '0101-mas'
2025-11-27 20:21:02 1097 [ERROR] Invalid (old?) table or database name 'AdminLTE-4.0.0-rc4'
2025-11-27 20:21:02 1097 [ERROR] Invalid (old?) table or database name '0101-mas'
2025-11-27 20:21:02 1097 [ERROR] Invalid (old?) table or database name 'AdminLTE-4.0.0-rc4'
2025-11-27 20:21:02 1097 [ERROR] Invalid (old?) table or database name '0101-mas'
2025-11-27 20:21:02 1097 [ERROR] Invalid (old?) table or database name 'AdminLTE-4.0.0-rc4'
2025-11-27 20:21:02 1097 [ERROR] Invalid (old?) table or database name '0101-mas'
2025-11-27 20:21:02 1097 [ERROR] Invalid (old?) table or database name 'AdminLTE-4.0.0-rc4'
2025-11-27 20:21:03 1099 [ERROR] Invalid (old?) table or database name '0101-mas'
2025-11-27 20:21:03 1099 [ERROR] Invalid (old?) table or database name 'AdminLTE-4.0.0-rc4'
2025-11-27 20:21:03 1099 [ERROR] Invalid (old?) table or database name '0101-mas'
2025-11-27 20:21:03 1099 [ERROR] Invalid (old?) table or database name 'AdminLTE-4.0.0-rc4'
2025-11-27 20:21:16 1111 [ERROR] Invalid (old?) table or database name '0101-mas'
2025-11-27 20:21:16 1111 [ERROR] Invalid (old?) table or database name 'AdminLTE-4.0.0-rc4'
2025-11-27 20:21:16 1111 [ERROR] Invalid (old?) table or database name '0101-mas'
2025-11-27 20:21:16 1111 [ERROR] Invalid (old?) table or database name 'AdminLTE-4.0.0-rc4'
2025-11-27 20:21:16 1111 [ERROR] Invalid (old?) table or database name '0101-mas'
2025-11-27 20:21:16 1111 [ERROR] Invalid (old?) table or database name 'AdminLTE-4.0.0-rc4'
2025-11-27 20:21:16 1111 [ERROR] Invalid (old?) table or database name '0101-mas'
2025-11-27 20:21:16 1111 [ERROR] Invalid (old?) table or database name 'AdminLTE-4.0.0-rc4'
2025-11-27 20:56:16 1166 [ERROR] Invalid (old?) table or database name '0101-mas'
2025-11-27 20:56:16 1166 [ERROR] Invalid (old?) table or database name 'AdminLTE-4.0.0-rc4'
2025-11-27 20:56:16 1166 [ERROR] Invalid (old?) table or database name '0101-mas'
2025-11-27 20:56:16 1166 [ERROR] Invalid (old?) table or database name 'AdminLTE-4.0.0-rc4'
2025-11-27 20:56:16 1166 [ERROR] Invalid (old?) table or database name '0101-mas'
2025-11-27 20:56:16 1166 [ERROR] Invalid (old?) table or database name 'AdminLTE-4.0.0-rc4'
2025-11-27 20:56:16 1166 [ERROR] Invalid (old?) table or database name '0101-mas'
2025-11-27 20:56:16 1166 [ERROR] Invalid (old?) table or database name 'AdminLTE-4.0.0-rc4'
2025-11-27 21:00:10 1182 [ERROR] Invalid (old?) table or database name '0101-mas'
2025-11-27 21:00:10 1182 [ERROR] Invalid (old?) table or database name 'AdminLTE-4.0.0-rc4'
2025-11-27 21:00:10 1182 [ERROR] Invalid (old?) table or database name '0101-mas'
2025-11-27 21:00:10 1182 [ERROR] Invalid (old?) table or database name 'AdminLTE-4.0.0-rc4'
2025-11-27 21:00:10 1182 [ERROR] Invalid (old?) table or database name '0101-mas'
2025-11-27 21:00:10 1182 [ERROR] Invalid (old?) table or database name 'AdminLTE-4.0.0-rc4'
2025-11-27 21:00:10 1182 [ERROR] Invalid (old?) table or database name '0101-mas'
2025-11-27 21:00:10 1182 [ERROR] Invalid (old?) table or database name 'AdminLTE-4.0.0-rc4'
2025-11-27 21:14:13 1252 [ERROR] Invalid (old?) table or database name '0101-mas'
2025-11-27 21:14:13 1252 [ERROR] Invalid (old?) table or database name 'AdminLTE-4.0.0-rc4'
2025-11-27 21:14:13 1252 [ERROR] Invalid (old?) table or database name '0101-mas'
2025-11-27 21:14:13 1252 [ERROR] Invalid (old?) table or database name 'AdminLTE-4.0.0-rc4'
2025-11-27 21:14:13 1252 [ERROR] Invalid (old?) table or database name '0101-mas'
2025-11-27 21:14:13 1252 [ERROR] Invalid (old?) table or database name 'AdminLTE-4.0.0-rc4'
2025-11-27 21:14:13 1252 [ERROR] Invalid (old?) table or database name '0101-mas'
2025-11-27 21:14:13 1252 [ERROR] Invalid (old?) table or database name 'AdminLTE-4.0.0-rc4'
2025-11-27 21:14:14 1254 [ERROR] Invalid (old?) table or database name '0101-mas'
2025-11-27 21:14:14 1254 [ERROR] Invalid (old?) table or database name 'AdminLTE-4.0.0-rc4'
2025-11-27 21:14:14 1254 [ERROR] Invalid (old?) table or database name '0101-mas'
2025-11-27 21:14:14 1254 [ERROR] Invalid (old?) table or database name 'AdminLTE-4.0.0-rc4'
2025-11-27 21:14:20 1262 [ERROR] Invalid (old?) table or database name '0101-mas'
2025-11-27 21:14:20 1262 [ERROR] Invalid (old?) table or database name 'AdminLTE-4.0.0-rc4'
2025-11-27 21:14:20 1262 [ERROR] Invalid (old?) table or database name '0101-mas'
2025-11-27 21:14:20 1262 [ERROR] Invalid (old?) table or database name 'AdminLTE-4.0.0-rc4'
2025-11-27 21:14:20 1262 [ERROR] Invalid (old?) table or database name '0101-mas'
2025-11-27 21:14:20 1262 [ERROR] Invalid (old?) table or database name 'AdminLTE-4.0.0-rc4'
2025-11-27 21:14:20 1262 [ERROR] Invalid (old?) table or database name '0101-mas'
2025-11-27 21:14:20 1262 [ERROR] Invalid (old?) table or database name 'AdminLTE-4.0.0-rc4'
2025-11-27 21:44:56 1421 [ERROR] Invalid (old?) table or database name '0101-mas'
2025-11-27 21:44:56 1421 [ERROR] Invalid (old?) table or database name 'AdminLTE-4.0.0-rc4'
2025-11-27 21:44:56 1421 [ERROR] Invalid (old?) table or database name '0101-mas'
2025-11-27 21:44:56 1421 [ERROR] Invalid (old?) table or database name 'AdminLTE-4.0.0-rc4'
2025-11-27 21:44:56 1421 [ERROR] Invalid (old?) table or database name '0101-mas'
2025-11-27 21:44:56 1421 [ERROR] Invalid (old?) table or database name 'AdminLTE-4.0.0-rc4'
2025-11-27 21:44:56 1421 [ERROR] Invalid (old?) table or database name '0101-mas'
2025-11-27 21:44:56 1421 [ERROR] Invalid (old?) table or database name 'AdminLTE-4.0.0-rc4'
2025-11-27 21:44:57 1423 [ERROR] Invalid (old?) table or database name '0101-mas'
2025-11-27 21:44:57 1423 [ERROR] Invalid (old?) table or database name 'AdminLTE-4.0.0-rc4'
2025-11-27 21:44:57 1423 [ERROR] Invalid (old?) table or database name '0101-mas'
2025-11-27 21:44:57 1423 [ERROR] Invalid (old?) table or database name 'AdminLTE-4.0.0-rc4'
2025-11-27 21:45:04 1427 [ERROR] Invalid (old?) table or database name '0101-mas'
2025-11-27 21:45:04 1427 [ERROR] Invalid (old?) table or database name 'AdminLTE-4.0.0-rc4'
2025-11-27 21:45:04 1427 [ERROR] Invalid (old?) table or database name '0101-mas'
2025-11-27 21:45:04 1427 [ERROR] Invalid (old?) table or database name 'AdminLTE-4.0.0-rc4'
2025-11-27 21:45:04 1427 [ERROR] Invalid (old?) table or database name '0101-mas'
2025-11-27 21:45:04 1427 [ERROR] Invalid (old?) table or database name 'AdminLTE-4.0.0-rc4'
2025-11-27 21:45:04 1427 [ERROR] Invalid (old?) table or database name '0101-mas'
2025-11-27 21:45:04 1427 [ERROR] Invalid (old?) table or database name 'AdminLTE-4.0.0-rc4'
2025-11-27 21:45:21 1431 [ERROR] Invalid (old?) table or database name '0101-mas'
2025-11-27 21:45:21 1431 [ERROR] Invalid (old?) table or database name 'AdminLTE-4.0.0-rc4'
2025-11-27 21:45:21 1431 [ERROR] Invalid (old?) table or database name '0101-mas'
2025-11-27 21:45:21 1431 [ERROR] Invalid (old?) table or database name 'AdminLTE-4.0.0-rc4'
2025-11-27 21:45:21 1431 [ERROR] Invalid (old?) table or database name '0101-mas'
2025-11-27 21:45:21 1431 [ERROR] Invalid (old?) table or database name 'AdminLTE-4.0.0-rc4'
2025-11-27 21:45:21 1431 [ERROR] Invalid (old?) table or database name '0101-mas'
2025-11-27 21:45:21 1431 [ERROR] Invalid (old?) table or database name 'AdminLTE-4.0.0-rc4'
2025-11-27 21:45:25 1435 [ERROR] Invalid (old?) table or database name '0101-mas'
2025-11-27 21:45:25 1435 [ERROR] Invalid (old?) table or database name 'AdminLTE-4.0.0-rc4'
2025-11-27 21:45:25 1435 [ERROR] Invalid (old?) table or database name '0101-mas'
2025-11-27 21:45:25 1435 [ERROR] Invalid (old?) table or database name 'AdminLTE-4.0.0-rc4'
2025-11-27 21:45:25 1435 [ERROR] Invalid (old?) table or database name '0101-mas'
2025-11-27 21:45:25 1435 [ERROR] Invalid (old?) table or database name 'AdminLTE-4.0.0-rc4'
2025-11-27 21:45:25 1435 [ERROR] Invalid (old?) table or database name '0101-mas'
2025-11-27 21:45:25 1435 [ERROR] Invalid (old?) table or database name 'AdminLTE-4.0.0-rc4'
2025-11-27 21:47:35 1445 [ERROR] Invalid (old?) table or database name '0101-mas'
2025-11-27 21:47:35 1445 [ERROR] Invalid (old?) table or database name 'AdminLTE-4.0.0-rc4'
2025-11-27 21:47:35 1445 [ERROR] Invalid (old?) table or database name '0101-mas'
2025-11-27 21:47:35 1445 [ERROR] Invalid (old?) table or database name 'AdminLTE-4.0.0-rc4'
2025-11-27 21:47:35 1445 [ERROR] Invalid (old?) table or database name '0101-mas'
2025-11-27 21:47:35 1445 [ERROR] Invalid (old?) table or database name 'AdminLTE-4.0.0-rc4'
2025-11-27 21:47:35 1445 [ERROR] Invalid (old?) table or database name '0101-mas'
2025-11-27 21:47:35 1445 [ERROR] Invalid (old?) table or database name 'AdminLTE-4.0.0-rc4'
2025-11-27 21:50:03 1455 [ERROR] Invalid (old?) table or database name '0101-mas'
2025-11-27 21:50:03 1455 [ERROR] Invalid (old?) table or database name 'AdminLTE-4.0.0-rc4'
2025-11-27 21:50:03 1455 [ERROR] Invalid (old?) table or database name '0101-mas'
2025-11-27 21:50:03 1455 [ERROR] Invalid (old?) table or database name 'AdminLTE-4.0.0-rc4'
2025-11-27 21:50:04 1455 [ERROR] Invalid (old?) table or database name '0101-mas'
2025-11-27 21:50:04 1455 [ERROR] Invalid (old?) table or database name 'AdminLTE-4.0.0-rc4'
2025-11-27 21:50:04 1455 [ERROR] Invalid (old?) table or database name '0101-mas'
2025-11-27 21:50:04 1455 [ERROR] Invalid (old?) table or database name 'AdminLTE-4.0.0-rc4'
2025-11-27 21:50:15 1461 [ERROR] Invalid (old?) table or database name '0101-mas'
2025-11-27 21:50:15 1461 [ERROR] Invalid (old?) table or database name 'AdminLTE-4.0.0-rc4'
2025-11-27 21:50:15 1461 [ERROR] Invalid (old?) table or database name '0101-mas'
2025-11-27 21:50:15 1461 [ERROR] Invalid (old?) table or database name 'AdminLTE-4.0.0-rc4'
2025-11-27 21:50:15 1461 [ERROR] Invalid (old?) table or database name '0101-mas'
2025-11-27 21:50:15 1461 [ERROR] Invalid (old?) table or database name 'AdminLTE-4.0.0-rc4'
2025-11-27 21:50:15 1461 [ERROR] Invalid (old?) table or database name '0101-mas'
2025-11-27 21:50:15 1461 [ERROR] Invalid (old?) table or database name 'AdminLTE-4.0.0-rc4'
2025-11-27 21:50:37 1473 [ERROR] Invalid (old?) table or database name '0101-mas'
2025-11-27 21:50:37 1473 [ERROR] Invalid (old?) table or database name 'AdminLTE-4.0.0-rc4'
2025-11-27 21:50:37 1473 [ERROR] Invalid (old?) table or database name '0101-mas'
2025-11-27 21:50:37 1473 [ERROR] Invalid (old?) table or database name 'AdminLTE-4.0.0-rc4'
2025-11-27 21:50:37 1473 [ERROR] Invalid (old?) table or database name '0101-mas'
2025-11-27 21:50:37 1473 [ERROR] Invalid (old?) table or database name 'AdminLTE-4.0.0-rc4'
2025-11-27 21:50:37 1473 [ERROR] Invalid (old?) table or database name '0101-mas'
2025-11-27 21:50:37 1473 [ERROR] Invalid (old?) table or database name 'AdminLTE-4.0.0-rc4'
2025-11-27 21:50:47 1483 [ERROR] Invalid (old?) table or database name '0101-mas'
2025-11-27 21:50:47 1483 [ERROR] Invalid (old?) table or database name 'AdminLTE-4.0.0-rc4'
2025-11-27 21:50:47 1483 [ERROR] Invalid (old?) table or database name '0101-mas'
2025-11-27 21:50:47 1483 [ERROR] Invalid (old?) table or database name 'AdminLTE-4.0.0-rc4'
2025-11-27 21:50:47 1483 [ERROR] Invalid (old?) table or database name '0101-mas'
2025-11-27 21:50:47 1483 [ERROR] Invalid (old?) table or database name 'AdminLTE-4.0.0-rc4'
2025-11-27 21:50:47 1483 [ERROR] Invalid (old?) table or database name '0101-mas'
2025-11-27 21:50:47 1483 [ERROR] Invalid (old?) table or database name 'AdminLTE-4.0.0-rc4'
2025-11-27 21:55:16 1497 [ERROR] Invalid (old?) table or database name '0101-mas'
2025-11-27 21:55:16 1497 [ERROR] Invalid (old?) table or database name 'AdminLTE-4.0.0-rc4'
2025-11-27 21:55:16 1497 [ERROR] Invalid (old?) table or database name '0101-mas'
2025-11-27 21:55:16 1497 [ERROR] Invalid (old?) table or database name 'AdminLTE-4.0.0-rc4'
2025-11-27 21:55:16 1497 [ERROR] Invalid (old?) table or database name '0101-mas'
2025-11-27 21:55:16 1497 [ERROR] Invalid (old?) table or database name 'AdminLTE-4.0.0-rc4'
2025-11-27 21:55:16 1497 [ERROR] Invalid (old?) table or database name '0101-mas'
2025-11-27 21:55:16 1497 [ERROR] Invalid (old?) table or database name 'AdminLTE-4.0.0-rc4'
2025-11-27 22:14:13 1585 [ERROR] Invalid (old?) table or database name '0101-mas'
2025-11-27 22:14:13 1585 [ERROR] Invalid (old?) table or database name 'AdminLTE-4.0.0-rc4'
2025-11-27 22:14:13 1585 [ERROR] Invalid (old?) table or database name '0101-mas'
2025-11-27 22:14:13 1585 [ERROR] Invalid (old?) table or database name 'AdminLTE-4.0.0-rc4'
2025-11-27 22:14:13 1585 [ERROR] Invalid (old?) table or database name '0101-mas'
2025-11-27 22:14:13 1585 [ERROR] Invalid (old?) table or database name 'AdminLTE-4.0.0-rc4'
2025-11-27 22:14:13 1585 [ERROR] Invalid (old?) table or database name '0101-mas'
2025-11-27 22:14:13 1585 [ERROR] Invalid (old?) table or database name 'AdminLTE-4.0.0-rc4'
2025-11-27 22:45:52 1689 [ERROR] Invalid (old?) table or database name '0101-mas'
2025-11-27 22:45:52 1689 [ERROR] Invalid (old?) table or database name 'AdminLTE-4.0.0-rc4'
2025-11-27 22:45:52 1689 [ERROR] Invalid (old?) table or database name '0101-mas'
2025-11-27 22:45:52 1689 [ERROR] Invalid (old?) table or database name 'AdminLTE-4.0.0-rc4'
2025-11-27 22:45:52 1689 [ERROR] Invalid (old?) table or database name '0101-mas'
2025-11-27 22:45:52 1689 [ERROR] Invalid (old?) table or database name 'AdminLTE-4.0.0-rc4'
2025-11-27 22:45:52 1689 [ERROR] Invalid (old?) table or database name '0101-mas'
2025-11-27 22:45:52 1689 [ERROR] Invalid (old?) table or database name 'AdminLTE-4.0.0-rc4'
2025-11-27 22:45:54 1697 [ERROR] Invalid (old?) table or database name '0101-mas'
2025-11-27 22:45:54 1697 [ERROR] Invalid (old?) table or database name 'AdminLTE-4.0.0-rc4'
2025-11-27 22:45:54 1697 [ERROR] Invalid (old?) table or database name '0101-mas'
2025-11-27 22:45:54 1697 [ERROR] Invalid (old?) table or database name 'AdminLTE-4.0.0-rc4'
2025-11-27 22:45:54 1697 [ERROR] Invalid (old?) table or database name '0101-mas'
2025-11-27 22:45:54 1697 [ERROR] Invalid (old?) table or database name 'AdminLTE-4.0.0-rc4'
2025-11-27 22:45:54 1697 [ERROR] Invalid (old?) table or database name '0101-mas'
2025-11-27 22:45:54 1697 [ERROR] Invalid (old?) table or database name 'AdminLTE-4.0.0-rc4'
2025-11-27 22:45:55 1703 [ERROR] Invalid (old?) table or database name '0101-mas'
2025-11-27 22:45:55 1703 [ERROR] Invalid (old?) table or database name 'AdminLTE-4.0.0-rc4'
2025-11-27 22:45:55 1703 [ERROR] Invalid (old?) table or database name '0101-mas'
2025-11-27 22:45:55 1703 [ERROR] Invalid (old?) table or database name 'AdminLTE-4.0.0-rc4'
2025-11-27 22:45:55 1705 [ERROR] Invalid (old?) table or database name '0101-mas'
2025-11-27 22:45:55 1705 [ERROR] Invalid (old?) table or database name 'AdminLTE-4.0.0-rc4'
2025-11-27 22:45:55 1705 [ERROR] Invalid (old?) table or database name '0101-mas'
2025-11-27 22:45:55 1705 [ERROR] Invalid (old?) table or database name 'AdminLTE-4.0.0-rc4'
2025-11-27 22:45:55 1705 [ERROR] Invalid (old?) table or database name '0101-mas'
2025-11-27 22:45:55 1705 [ERROR] Invalid (old?) table or database name 'AdminLTE-4.0.0-rc4'
2025-11-27 22:45:55 1705 [ERROR] Invalid (old?) table or database name '0101-mas'
2025-11-27 22:45:55 1705 [ERROR] Invalid (old?) table or database name 'AdminLTE-4.0.0-rc4'
2025-11-27 22:45:56 1707 [ERROR] Invalid (old?) table or database name '0101-mas'
2025-11-27 22:45:56 1707 [ERROR] Invalid (old?) table or database name 'AdminLTE-4.0.0-rc4'
2025-11-27 22:45:56 1707 [ERROR] Invalid (old?) table or database name '0101-mas'
2025-11-27 22:45:56 1707 [ERROR] Invalid (old?) table or database name 'AdminLTE-4.0.0-rc4'
2025-11-27 22:45:56 1709 [ERROR] Invalid (old?) table or database name '0101-mas'
2025-11-27 22:45:56 1709 [ERROR] Invalid (old?) table or database name 'AdminLTE-4.0.0-rc4'
2025-11-27 22:45:56 1709 [ERROR] Invalid (old?) table or database name '0101-mas'
2025-11-27 22:45:56 1709 [ERROR] Invalid (old?) table or database name 'AdminLTE-4.0.0-rc4'
2025-11-27 22:46:46 1729 [ERROR] Invalid (old?) table or database name '0101-mas'
2025-11-27 22:46:46 1729 [ERROR] Invalid (old?) table or database name 'AdminLTE-4.0.0-rc4'
2025-11-27 22:46:46 1729 [ERROR] Invalid (old?) table or database name '0101-mas'
2025-11-27 22:46:46 1729 [ERROR] Invalid (old?) table or database name 'AdminLTE-4.0.0-rc4'
2025-11-27 22:46:47 1729 [ERROR] Invalid (old?) table or database name '0101-mas'
2025-11-27 22:46:47 1729 [ERROR] Invalid (old?) table or database name 'AdminLTE-4.0.0-rc4'
2025-11-27 22:46:47 1729 [ERROR] Invalid (old?) table or database name '0101-mas'
2025-11-27 22:46:47 1729 [ERROR] Invalid (old?) table or database name 'AdminLTE-4.0.0-rc4'
2025-11-27 22:46:56 1739 [ERROR] Invalid (old?) table or database name '0101-mas'
2025-11-27 22:46:56 1739 [ERROR] Invalid (old?) table or database name 'AdminLTE-4.0.0-rc4'
2025-11-27 22:46:56 1739 [ERROR] Invalid (old?) table or database name '0101-mas'
2025-11-27 22:46:56 1739 [ERROR] Invalid (old?) table or database name 'AdminLTE-4.0.0-rc4'
2025-11-27 22:46:56 1739 [ERROR] Invalid (old?) table or database name '0101-mas'
2025-11-27 22:46:56 1739 [ERROR] Invalid (old?) table or database name 'AdminLTE-4.0.0-rc4'
2025-11-27 22:46:56 1739 [ERROR] Invalid (old?) table or database name '0101-mas'
2025-11-27 22:46:56 1739 [ERROR] Invalid (old?) table or database name 'AdminLTE-4.0.0-rc4'
2025-11-27 22:47:57 1755 [ERROR] Invalid (old?) table or database name '0101-mas'
2025-11-27 22:47:57 1755 [ERROR] Invalid (old?) table or database name 'AdminLTE-4.0.0-rc4'
2025-11-27 22:47:59 1757 [ERROR] Invalid (old?) table or database name '0101-mas'
2025-11-27 22:47:59 1757 [ERROR] Invalid (old?) table or database name 'AdminLTE-4.0.0-rc4'
2025-11-27 22:47:59 1757 [ERROR] Invalid (old?) table or database name '0101-mas'
2025-11-27 22:47:59 1757 [ERROR] Invalid (old?) table or database name 'AdminLTE-4.0.0-rc4'
2025-11-27 22:47:59 1757 [ERROR] Invalid (old?) table or database name '0101-mas'
2025-11-27 22:47:59 1757 [ERROR] Invalid (old?) table or database name 'AdminLTE-4.0.0-rc4'
2025-11-27 22:47:59 1757 [ERROR] Invalid (old?) table or database name '0101-mas'
2025-11-27 22:47:59 1757 [ERROR] Invalid (old?) table or database name 'AdminLTE-4.0.0-rc4'
2025-11-27 22:48:04 1763 [ERROR] Invalid (old?) table or database name '0101-mas'
2025-11-27 22:48:04 1763 [ERROR] Invalid (old?) table or database name 'AdminLTE-4.0.0-rc4'
2025-11-27 22:48:04 1763 [ERROR] Invalid (old?) table or database name '0101-mas'
2025-11-27 22:48:04 1763 [ERROR] Invalid (old?) table or database name 'AdminLTE-4.0.0-rc4'
2025-11-27 22:48:04 1763 [ERROR] Invalid (old?) table or database name '0101-mas'
2025-11-27 22:48:04 1763 [ERROR] Invalid (old?) table or database name 'AdminLTE-4.0.0-rc4'
2025-11-27 22:48:04 1763 [ERROR] Invalid (old?) table or database name '0101-mas'
2025-11-27 22:48:04 1763 [ERROR] Invalid (old?) table or database name 'AdminLTE-4.0.0-rc4'
2025-11-27 22:48:09 1767 [ERROR] Invalid (old?) table or database name '0101-mas'
2025-11-27 22:48:09 1767 [ERROR] Invalid (old?) table or database name 'AdminLTE-4.0.0-rc4'
2025-11-27 22:48:09 1767 [ERROR] Invalid (old?) table or database name '0101-mas'
2025-11-27 22:48:09 1767 [ERROR] Invalid (old?) table or database name 'AdminLTE-4.0.0-rc4'
2025-11-27 22:48:09 1767 [ERROR] Invalid (old?) table or database name '0101-mas'
2025-11-27 22:48:09 1767 [ERROR] Invalid (old?) table or database name 'AdminLTE-4.0.0-rc4'
2025-11-27 22:48:09 1767 [ERROR] Invalid (old?) table or database name '0101-mas'
2025-11-27 22:48:09 1767 [ERROR] Invalid (old?) table or database name 'AdminLTE-4.0.0-rc4'
2025-11-28  6:06:56 2337 [ERROR] Invalid (old?) table or database name '0101-mas'
2025-11-28  6:06:56 2337 [ERROR] Invalid (old?) table or database name 'AdminLTE-4.0.0-rc4'
2025-11-28  6:06:56 2337 [ERROR] Invalid (old?) table or database name '0101-mas'
2025-11-28  6:06:56 2337 [ERROR] Invalid (old?) table or database name 'AdminLTE-4.0.0-rc4'
2025-11-28  6:06:56 2337 [ERROR] Invalid (old?) table or database name '0101-mas'
2025-11-28  6:06:56 2337 [ERROR] Invalid (old?) table or database name 'AdminLTE-4.0.0-rc4'
2025-11-28  6:06:56 2337 [ERROR] Invalid (old?) table or database name '0101-mas'
2025-11-28  6:06:56 2337 [ERROR] Invalid (old?) table or database name 'AdminLTE-4.0.0-rc4'
2025-11-28  6:06:58 2343 [ERROR] Invalid (old?) table or database name '0101-mas'
2025-11-28  6:06:58 2343 [ERROR] Invalid (old?) table or database name 'AdminLTE-4.0.0-rc4'
2025-11-28  6:06:58 2343 [ERROR] Invalid (old?) table or database name '0101-mas'
2025-11-28  6:06:58 2343 [ERROR] Invalid (old?) table or database name 'AdminLTE-4.0.0-rc4'
2025-11-28  6:06:58 2343 [ERROR] Invalid (old?) table or database name '0101-mas'
2025-11-28  6:06:58 2343 [ERROR] Invalid (old?) table or database name 'AdminLTE-4.0.0-rc4'
2025-11-28  6:06:58 2343 [ERROR] Invalid (old?) table or database name '0101-mas'
2025-11-28  6:06:58 2343 [ERROR] Invalid (old?) table or database name 'AdminLTE-4.0.0-rc4'
2025-11-28  6:06:58 2349 [ERROR] Invalid (old?) table or database name '0101-mas'
2025-11-28  6:06:58 2349 [ERROR] Invalid (old?) table or database name 'AdminLTE-4.0.0-rc4'
2025-11-28  6:06:58 2349 [ERROR] Invalid (old?) table or database name '0101-mas'
2025-11-28  6:06:58 2349 [ERROR] Invalid (old?) table or database name 'AdminLTE-4.0.0-rc4'
2025-11-28  6:07:02 2353 [ERROR] Invalid (old?) table or database name '0101-mas'
2025-11-28  6:07:02 2353 [ERROR] Invalid (old?) table or database name 'AdminLTE-4.0.0-rc4'
2025-11-28  6:07:02 2353 [ERROR] Invalid (old?) table or database name '0101-mas'
2025-11-28  6:07:02 2353 [ERROR] Invalid (old?) table or database name 'AdminLTE-4.0.0-rc4'
2025-11-28  6:07:02 2353 [ERROR] Invalid (old?) table or database name '0101-mas'
2025-11-28  6:07:02 2353 [ERROR] Invalid (old?) table or database name 'AdminLTE-4.0.0-rc4'
2025-11-28  6:07:02 2353 [ERROR] Invalid (old?) table or database name '0101-mas'
2025-11-28  6:07:02 2353 [ERROR] Invalid (old?) table or database name 'AdminLTE-4.0.0-rc4'
2025-11-28  6:07:19 2357 [ERROR] Invalid (old?) table or database name '0101-mas'
2025-11-28  6:07:19 2357 [ERROR] Invalid (old?) table or database name 'AdminLTE-4.0.0-rc4'
2025-11-28  6:07:19 2357 [ERROR] Invalid (old?) table or database name '0101-mas'
2025-11-28  6:07:19 2357 [ERROR] Invalid (old?) table or database name 'AdminLTE-4.0.0-rc4'
2025-11-28  6:07:19 2357 [ERROR] Invalid (old?) table or database name '0101-mas'
2025-11-28  6:07:19 2357 [ERROR] Invalid (old?) table or database name 'AdminLTE-4.0.0-rc4'
2025-11-28  6:07:19 2357 [ERROR] Invalid (old?) table or database name '0101-mas'
2025-11-28  6:07:19 2357 [ERROR] Invalid (old?) table or database name 'AdminLTE-4.0.0-rc4'
2025-11-28  9:57:02 2452 [ERROR] Invalid (old?) table or database name '0101-mas'
2025-11-28  9:57:02 2452 [ERROR] Invalid (old?) table or database name 'AdminLTE-4.0.0-rc4'
2025-11-28  9:57:02 2452 [ERROR] Invalid (old?) table or database name '0101-mas'
2025-11-28  9:57:02 2452 [ERROR] Invalid (old?) table or database name 'AdminLTE-4.0.0-rc4'
2025-11-28  9:57:02 2452 [ERROR] Invalid (old?) table or database name '0101-mas'
2025-11-28  9:57:02 2452 [ERROR] Invalid (old?) table or database name 'AdminLTE-4.0.0-rc4'
2025-11-28  9:57:02 2452 [ERROR] Invalid (old?) table or database name '0101-mas'
2025-11-28  9:57:02 2452 [ERROR] Invalid (old?) table or database name 'AdminLTE-4.0.0-rc4'
2025-11-28  9:57:07 2458 [ERROR] Invalid (old?) table or database name '0101-mas'
2025-11-28  9:57:07 2458 [ERROR] Invalid (old?) table or database name 'AdminLTE-4.0.0-rc4'
2025-11-28  9:57:07 2458 [ERROR] Invalid (old?) table or database name '0101-mas'
2025-11-28  9:57:07 2458 [ERROR] Invalid (old?) table or database name 'AdminLTE-4.0.0-rc4'
2025-11-28  9:57:07 2458 [ERROR] Invalid (old?) table or database name '0101-mas'
2025-11-28  9:57:07 2458 [ERROR] Invalid (old?) table or database name 'AdminLTE-4.0.0-rc4'
2025-11-28  9:57:07 2458 [ERROR] Invalid (old?) table or database name '0101-mas'
2025-11-28  9:57:07 2458 [ERROR] Invalid (old?) table or database name 'AdminLTE-4.0.0-rc4'
2025-11-28  9:57:16 2468 [ERROR] Invalid (old?) table or database name '0101-mas'
2025-11-28  9:57:16 2468 [ERROR] Invalid (old?) table or database name 'AdminLTE-4.0.0-rc4'
2025-11-28  9:57:16 2468 [ERROR] Invalid (old?) table or database name '0101-mas'
2025-11-28  9:57:16 2468 [ERROR] Invalid (old?) table or database name 'AdminLTE-4.0.0-rc4'
2025-11-28  9:57:16 2468 [ERROR] Invalid (old?) table or database name '0101-mas'
2025-11-28  9:57:16 2468 [ERROR] Invalid (old?) table or database name 'AdminLTE-4.0.0-rc4'
2025-11-28  9:57:16 2468 [ERROR] Invalid (old?) table or database name '0101-mas'
2025-11-28  9:57:16 2468 [ERROR] Invalid (old?) table or database name 'AdminLTE-4.0.0-rc4'
2025-11-28  9:57:16 2470 [ERROR] Invalid (old?) table or database name '0101-mas'
2025-11-28  9:57:16 2470 [ERROR] Invalid (old?) table or database name 'AdminLTE-4.0.0-rc4'
2025-11-28  9:57:16 2470 [ERROR] Invalid (old?) table or database name '0101-mas'
2025-11-28  9:57:16 2470 [ERROR] Invalid (old?) table or database name 'AdminLTE-4.0.0-rc4'
2025-11-28  9:57:16 2472 [ERROR] Invalid (old?) table or database name '0101-mas'
2025-11-28  9:57:16 2472 [ERROR] Invalid (old?) table or database name 'AdminLTE-4.0.0-rc4'
2025-11-28  9:57:16 2472 [ERROR] Invalid (old?) table or database name '0101-mas'
2025-11-28  9:57:16 2472 [ERROR] Invalid (old?) table or database name 'AdminLTE-4.0.0-rc4'
2025-11-28  9:57:19 2476 [ERROR] Invalid (old?) table or database name '0101-mas'
2025-11-28  9:57:19 2476 [ERROR] Invalid (old?) table or database name 'AdminLTE-4.0.0-rc4'
2025-11-28  9:57:19 2476 [ERROR] Invalid (old?) table or database name '0101-mas'
2025-11-28  9:57:19 2476 [ERROR] Invalid (old?) table or database name 'AdminLTE-4.0.0-rc4'
2025-11-28  9:57:19 2478 [ERROR] Invalid (old?) table or database name '0101-mas'
2025-11-28  9:57:19 2478 [ERROR] Invalid (old?) table or database name 'AdminLTE-4.0.0-rc4'
2025-11-28  9:57:19 2478 [ERROR] Invalid (old?) table or database name '0101-mas'
2025-11-28  9:57:19 2478 [ERROR] Invalid (old?) table or database name 'AdminLTE-4.0.0-rc4'
2025-11-28  9:57:19 2478 [ERROR] Invalid (old?) table or database name '0101-mas'
2025-11-28  9:57:19 2478 [ERROR] Invalid (old?) table or database name 'AdminLTE-4.0.0-rc4'
2025-11-28  9:57:19 2478 [ERROR] Invalid (old?) table or database name '0101-mas'
2025-11-28  9:57:19 2478 [ERROR] Invalid (old?) table or database name 'AdminLTE-4.0.0-rc4'
2025-11-28  9:57:20 2480 [ERROR] Invalid (old?) table or database name '0101-mas'
2025-11-28  9:57:20 2480 [ERROR] Invalid (old?) table or database name 'AdminLTE-4.0.0-rc4'
2025-11-28  9:57:20 2480 [ERROR] Invalid (old?) table or database name '0101-mas'
2025-11-28  9:57:20 2480 [ERROR] Invalid (old?) table or database name 'AdminLTE-4.0.0-rc4'
2025-11-28  9:57:36 2488 [ERROR] Invalid (old?) table or database name '0101-mas'
2025-11-28  9:57:36 2488 [ERROR] Invalid (old?) table or database name 'AdminLTE-4.0.0-rc4'
2025-11-28  9:57:36 2488 [ERROR] Invalid (old?) table or database name '0101-mas'
2025-11-28  9:57:36 2488 [ERROR] Invalid (old?) table or database name 'AdminLTE-4.0.0-rc4'
2025-11-28  9:57:36 2488 [ERROR] Invalid (old?) table or database name '0101-mas'
2025-11-28  9:57:36 2488 [ERROR] Invalid (old?) table or database name 'AdminLTE-4.0.0-rc4'
2025-11-28  9:57:36 2488 [ERROR] Invalid (old?) table or database name '0101-mas'
2025-11-28  9:57:36 2488 [ERROR] Invalid (old?) table or database name 'AdminLTE-4.0.0-rc4'
2025-11-28  9:58:57 2498 [ERROR] Invalid (old?) table or database name '0101-mas'
2025-11-28  9:58:57 2498 [ERROR] Invalid (old?) table or database name 'AdminLTE-4.0.0-rc4'
2025-11-28  9:58:57 2498 [ERROR] Invalid (old?) table or database name '0101-mas'
2025-11-28  9:58:57 2498 [ERROR] Invalid (old?) table or database name 'AdminLTE-4.0.0-rc4'
2025-11-28  9:58:57 2498 [ERROR] Invalid (old?) table or database name '0101-mas'
2025-11-28  9:58:57 2498 [ERROR] Invalid (old?) table or database name 'AdminLTE-4.0.0-rc4'
2025-11-28  9:58:57 2498 [ERROR] Invalid (old?) table or database name '0101-mas'
2025-11-28  9:58:57 2498 [ERROR] Invalid (old?) table or database name 'AdminLTE-4.0.0-rc4'
2025-11-28 10:11:34 2519 [ERROR] Invalid (old?) table or database name '0101-mas'
2025-11-28 10:11:34 2519 [ERROR] Invalid (old?) table or database name 'AdminLTE-4.0.0-rc4'
2025-11-28 10:11:34 2519 [ERROR] Invalid (old?) table or database name '0101-mas'
2025-11-28 10:11:34 2519 [ERROR] Invalid (old?) table or database name 'AdminLTE-4.0.0-rc4'
2025-11-28 10:11:34 2519 [ERROR] Invalid (old?) table or database name '0101-mas'
2025-11-28 10:11:34 2519 [ERROR] Invalid (old?) table or database name 'AdminLTE-4.0.0-rc4'
2025-11-28 10:11:34 2519 [ERROR] Invalid (old?) table or database name '0101-mas'
2025-11-28 10:11:34 2519 [ERROR] Invalid (old?) table or database name 'AdminLTE-4.0.0-rc4'
2025-11-28 11:38:43 2633 [ERROR] Invalid (old?) table or database name '0101-mas'
2025-11-28 11:38:43 2633 [ERROR] Invalid (old?) table or database name 'AdminLTE-4.0.0-rc4'
2025-11-28 11:38:43 2633 [ERROR] Invalid (old?) table or database name '0101-mas'
2025-11-28 11:38:43 2633 [ERROR] Invalid (old?) table or database name 'AdminLTE-4.0.0-rc4'
2025-11-28 11:38:43 2633 [ERROR] Invalid (old?) table or database name '0101-mas'
2025-11-28 11:38:43 2633 [ERROR] Invalid (old?) table or database name 'AdminLTE-4.0.0-rc4'
2025-11-28 11:38:43 2633 [ERROR] Invalid (old?) table or database name '0101-mas'
2025-11-28 11:38:43 2633 [ERROR] Invalid (old?) table or database name 'AdminLTE-4.0.0-rc4'
2025-11-28 11:38:59 2643 [ERROR] Invalid (old?) table or database name '0101-mas'
2025-11-28 11:38:59 2643 [ERROR] Invalid (old?) table or database name 'AdminLTE-4.0.0-rc4'
2025-11-28 11:38:59 2643 [ERROR] Invalid (old?) table or database name '0101-mas'
2025-11-28 11:38:59 2643 [ERROR] Invalid (old?) table or database name 'AdminLTE-4.0.0-rc4'
2025-11-28 11:38:59 2643 [ERROR] Invalid (old?) table or database name '0101-mas'
2025-11-28 11:38:59 2643 [ERROR] Invalid (old?) table or database name 'AdminLTE-4.0.0-rc4'
2025-11-28 11:38:59 2643 [ERROR] Invalid (old?) table or database name '0101-mas'
2025-11-28 11:38:59 2643 [ERROR] Invalid (old?) table or database name 'AdminLTE-4.0.0-rc4'
2025-11-28 11:38:59 2643 [ERROR] Invalid (old?) table or database name '0101-mas'
2025-11-28 11:38:59 2643 [ERROR] Invalid (old?) table or database name 'AdminLTE-4.0.0-rc4'
2025-11-28 11:39:01 2649 [ERROR] Invalid (old?) table or database name '0101-mas'
2025-11-28 11:39:01 2649 [ERROR] Invalid (old?) table or database name 'AdminLTE-4.0.0-rc4'
2025-11-28 11:39:01 2649 [ERROR] Invalid (old?) table or database name '0101-mas'
2025-11-28 11:39:01 2649 [ERROR] Invalid (old?) table or database name 'AdminLTE-4.0.0-rc4'
2025-11-28 11:39:01 2649 [ERROR] Invalid (old?) table or database name '0101-mas'
2025-11-28 11:39:01 2649 [ERROR] Invalid (old?) table or database name 'AdminLTE-4.0.0-rc4'
2025-11-28 11:39:01 2649 [ERROR] Invalid (old?) table or database name '0101-mas'
2025-11-28 11:39:01 2649 [ERROR] Invalid (old?) table or database name 'AdminLTE-4.0.0-rc4'
2025-11-28 11:39:07 2657 [ERROR] Invalid (old?) table or database name '0101-mas'
2025-11-28 11:39:07 2657 [ERROR] Invalid (old?) table or database name 'AdminLTE-4.0.0-rc4'
2025-11-28 11:39:07 2657 [ERROR] Invalid (old?) table or database name '0101-mas'
2025-11-28 11:39:07 2657 [ERROR] Invalid (old?) table or database name 'AdminLTE-4.0.0-rc4'
2025-11-28 11:39:07 2657 [ERROR] Invalid (old?) table or database name '0101-mas'
2025-11-28 11:39:07 2657 [ERROR] Invalid (old?) table or database name 'AdminLTE-4.0.0-rc4'
2025-11-28 11:39:07 2657 [ERROR] Invalid (old?) table or database name '0101-mas'
2025-11-28 11:39:07 2657 [ERROR] Invalid (old?) table or database name 'AdminLTE-4.0.0-rc4'
2025-11-28 11:39:07 2657 [ERROR] Invalid (old?) table or database name '0101-mas'
2025-11-28 11:39:07 2657 [ERROR] Invalid (old?) table or database name 'AdminLTE-4.0.0-rc4'
2025-11-28 11:39:08 2659 [ERROR] Invalid (old?) table or database name '0101-mas'
2025-11-28 11:39:08 2659 [ERROR] Invalid (old?) table or database name 'AdminLTE-4.0.0-rc4'
2025-11-28 11:39:08 2659 [ERROR] Invalid (old?) table or database name '0101-mas'
2025-11-28 11:39:08 2659 [ERROR] Invalid (old?) table or database name 'AdminLTE-4.0.0-rc4'
2025-11-28 11:39:08 2659 [ERROR] Invalid (old?) table or database name '0101-mas'
2025-11-28 11:39:08 2659 [ERROR] Invalid (old?) table or database name 'AdminLTE-4.0.0-rc4'
2025-11-28 11:39:08 2659 [ERROR] Invalid (old?) table or database name '0101-mas'
2025-11-28 11:39:08 2659 [ERROR] Invalid (old?) table or database name 'AdminLTE-4.0.0-rc4'
2025-11-28 11:39:11 2671 [ERROR] Invalid (old?) table or database name '0101-mas'
2025-11-28 11:39:11 2671 [ERROR] Invalid (old?) table or database name 'AdminLTE-4.0.0-rc4'
2025-11-28 11:39:11 2671 [ERROR] Invalid (old?) table or database name '0101-mas'
2025-11-28 11:39:11 2671 [ERROR] Invalid (old?) table or database name 'AdminLTE-4.0.0-rc4'
2025-11-28 11:39:11 2671 [ERROR] Invalid (old?) table or database name '0101-mas'
2025-11-28 11:39:11 2671 [ERROR] Invalid (old?) table or database name 'AdminLTE-4.0.0-rc4'
2025-11-28 11:39:11 2671 [ERROR] Invalid (old?) table or database name '0101-mas'
2025-11-28 11:39:11 2671 [ERROR] Invalid (old?) table or database name 'AdminLTE-4.0.0-rc4'
2025-11-28 11:39:11 2671 [ERROR] Invalid (old?) table or database name '0101-mas'
2025-11-28 11:39:11 2671 [ERROR] Invalid (old?) table or database name 'AdminLTE-4.0.0-rc4'
2025-11-28 11:39:12 2675 [ERROR] Invalid (old?) table or database name '0101-mas'
2025-11-28 11:39:12 2675 [ERROR] Invalid (old?) table or database name 'AdminLTE-4.0.0-rc4'
2025-11-28 11:39:12 2675 [ERROR] Invalid (old?) table or database name '0101-mas'
2025-11-28 11:39:12 2675 [ERROR] Invalid (old?) table or database name 'AdminLTE-4.0.0-rc4'
2025-11-28 11:39:12 2675 [ERROR] Invalid (old?) table or database name '0101-mas'
2025-11-28 11:39:12 2675 [ERROR] Invalid (old?) table or database name 'AdminLTE-4.0.0-rc4'
2025-11-28 11:39:12 2675 [ERROR] Invalid (old?) table or database name '0101-mas'
2025-11-28 11:39:12 2675 [ERROR] Invalid (old?) table or database name 'AdminLTE-4.0.0-rc4'
2025-11-28 11:39:25 2693 [ERROR] Invalid (old?) table or database name '0101-mas'
2025-11-28 11:39:25 2693 [ERROR] Invalid (old?) table or database name 'AdminLTE-4.0.0-rc4'
2025-11-28 11:39:25 2693 [ERROR] Invalid (old?) table or database name '0101-mas'
2025-11-28 11:39:25 2693 [ERROR] Invalid (old?) table or database name 'AdminLTE-4.0.0-rc4'
2025-11-28 11:39:25 2693 [ERROR] Invalid (old?) table or database name '0101-mas'
2025-11-28 11:39:25 2693 [ERROR] Invalid (old?) table or database name 'AdminLTE-4.0.0-rc4'
2025-11-28 11:39:25 2693 [ERROR] Invalid (old?) table or database name '0101-mas'
2025-11-28 11:39:25 2693 [ERROR] Invalid (old?) table or database name 'AdminLTE-4.0.0-rc4'
2025-11-28 11:39:25 2693 [ERROR] Invalid (old?) table or database name '0101-mas'
2025-11-28 11:39:25 2693 [ERROR] Invalid (old?) table or database name 'AdminLTE-4.0.0-rc4'
2025-11-28 11:39:26 2695 [ERROR] Invalid (old?) table or database name '0101-mas'
2025-11-28 11:39:26 2695 [ERROR] Invalid (old?) table or database name 'AdminLTE-4.0.0-rc4'
2025-11-28 11:39:26 2695 [ERROR] Invalid (old?) table or database name '0101-mas'
2025-11-28 11:39:26 2695 [ERROR] Invalid (old?) table or database name 'AdminLTE-4.0.0-rc4'
2025-11-28 11:39:26 2695 [ERROR] Invalid (old?) table or database name '0101-mas'
2025-11-28 11:39:26 2695 [ERROR] Invalid (old?) table or database name 'AdminLTE-4.0.0-rc4'
2025-11-28 11:39:26 2695 [ERROR] Invalid (old?) table or database name '0101-mas'
2025-11-28 11:39:26 2695 [ERROR] Invalid (old?) table or database name 'AdminLTE-4.0.0-rc4'
2025-11-28 11:39:38 2713 [ERROR] Invalid (old?) table or database name '0101-mas'
2025-11-28 11:39:38 2713 [ERROR] Invalid (old?) table or database name 'AdminLTE-4.0.0-rc4'
2025-11-28 11:39:38 2713 [ERROR] Invalid (old?) table or database name '0101-mas'
2025-11-28 11:39:38 2713 [ERROR] Invalid (old?) table or database name 'AdminLTE-4.0.0-rc4'
2025-11-28 11:39:38 2713 [ERROR] Invalid (old?) table or database name '0101-mas'
2025-11-28 11:39:38 2713 [ERROR] Invalid (old?) table or database name 'AdminLTE-4.0.0-rc4'
2025-11-28 11:39:38 2713 [ERROR] Invalid (old?) table or database name '0101-mas'
2025-11-28 11:39:38 2713 [ERROR] Invalid (old?) table or database name 'AdminLTE-4.0.0-rc4'
2025-11-28 13:43:39 2883 [ERROR] Invalid (old?) table or database name '0101-mas'
2025-11-28 13:43:39 2883 [ERROR] Invalid (old?) table or database name 'AdminLTE-4.0.0-rc4'
2025-11-28 13:43:39 2883 [ERROR] Invalid (old?) table or database name '0101-mas'
2025-11-28 13:43:39 2883 [ERROR] Invalid (old?) table or database name 'AdminLTE-4.0.0-rc4'
2025-11-28 13:43:39 2883 [ERROR] Invalid (old?) table or database name '0101-mas'
2025-11-28 13:43:39 2883 [ERROR] Invalid (old?) table or database name 'AdminLTE-4.0.0-rc4'
2025-11-28 13:43:39 2883 [ERROR] Invalid (old?) table or database name '0101-mas'
2025-11-28 13:43:39 2883 [ERROR] Invalid (old?) table or database name 'AdminLTE-4.0.0-rc4'
2025-11-28 13:43:43 2889 [ERROR] Invalid (old?) table or database name '0101-mas'
2025-11-28 13:43:43 2889 [ERROR] Invalid (old?) table or database name 'AdminLTE-4.0.0-rc4'
2025-11-28 13:43:43 2889 [ERROR] Invalid (old?) table or database name '0101-mas'
2025-11-28 13:43:43 2889 [ERROR] Invalid (old?) table or database name 'AdminLTE-4.0.0-rc4'
2025-11-28 13:43:43 2889 [ERROR] Invalid (old?) table or database name '0101-mas'
2025-11-28 13:43:43 2889 [ERROR] Invalid (old?) table or database name 'AdminLTE-4.0.0-rc4'
2025-11-28 13:43:43 2889 [ERROR] Invalid (old?) table or database name '0101-mas'
2025-11-28 13:43:43 2889 [ERROR] Invalid (old?) table or database name 'AdminLTE-4.0.0-rc4'
2025-11-28 13:43:44 2895 [ERROR] Invalid (old?) table or database name '0101-mas'
2025-11-28 13:43:44 2895 [ERROR] Invalid (old?) table or database name 'AdminLTE-4.0.0-rc4'
2025-11-28 13:43:44 2895 [ERROR] Invalid (old?) table or database name '0101-mas'
2025-11-28 13:43:44 2895 [ERROR] Invalid (old?) table or database name 'AdminLTE-4.0.0-rc4'
2025-11-28 15:28:59 3004 [ERROR] Invalid (old?) table or database name '0101-mas'
2025-11-28 15:28:59 3004 [ERROR] Invalid (old?) table or database name 'AdminLTE-4.0.0-rc4'
2025-11-28 15:28:59 3004 [ERROR] Invalid (old?) table or database name '0101-mas'
2025-11-28 15:28:59 3004 [ERROR] Invalid (old?) table or database name 'AdminLTE-4.0.0-rc4'
2025-11-28 15:28:59 3004 [ERROR] Invalid (old?) table or database name '0101-mas'
2025-11-28 15:28:59 3004 [ERROR] Invalid (old?) table or database name 'AdminLTE-4.0.0-rc4'
2025-11-28 15:28:59 3004 [ERROR] Invalid (old?) table or database name '0101-mas'
2025-11-28 15:28:59 3004 [ERROR] Invalid (old?) table or database name 'AdminLTE-4.0.0-rc4'
2025-11-28 15:29:02 3008 [ERROR] Invalid (old?) table or database name '0101-mas'
2025-11-28 15:29:02 3008 [ERROR] Invalid (old?) table or database name 'AdminLTE-4.0.0-rc4'
2025-11-28 15:29:02 3008 [ERROR] Invalid (old?) table or database name '0101-mas'
2025-11-28 15:29:02 3008 [ERROR] Invalid (old?) table or database name 'AdminLTE-4.0.0-rc4'
2025-11-28 15:29:02 3008 [ERROR] Invalid (old?) table or database name '0101-mas'
2025-11-28 15:29:02 3008 [ERROR] Invalid (old?) table or database name 'AdminLTE-4.0.0-rc4'
2025-11-28 15:29:02 3008 [ERROR] Invalid (old?) table or database name '0101-mas'
2025-11-28 15:29:02 3008 [ERROR] Invalid (old?) table or database name 'AdminLTE-4.0.0-rc4'
2025-11-28 15:29:09 3020 [ERROR] Invalid (old?) table or database name '0101-mas'
2025-11-28 15:29:09 3020 [ERROR] Invalid (old?) table or database name 'AdminLTE-4.0.0-rc4'
2025-11-28 15:29:09 3020 [ERROR] Invalid (old?) table or database name '0101-mas'
2025-11-28 15:29:09 3020 [ERROR] Invalid (old?) table or database name 'AdminLTE-4.0.0-rc4'
2025-11-28 15:29:10 3022 [ERROR] Invalid (old?) table or database name '0101-mas'
2025-11-28 15:29:10 3022 [ERROR] Invalid (old?) table or database name 'AdminLTE-4.0.0-rc4'
2025-11-28 15:29:10 3022 [ERROR] Invalid (old?) table or database name '0101-mas'
2025-11-28 15:29:10 3022 [ERROR] Invalid (old?) table or database name 'AdminLTE-4.0.0-rc4'
2025-11-28 15:29:10 3022 [ERROR] Invalid (old?) table or database name '0101-mas'
2025-11-28 15:29:10 3022 [ERROR] Invalid (old?) table or database name 'AdminLTE-4.0.0-rc4'
2025-11-28 15:29:10 3022 [ERROR] Invalid (old?) table or database name '0101-mas'
2025-11-28 15:29:10 3022 [ERROR] Invalid (old?) table or database name 'AdminLTE-4.0.0-rc4'
2025-11-28 15:29:10 3024 [ERROR] Invalid (old?) table or database name '0101-mas'
2025-11-28 15:29:10 3024 [ERROR] Invalid (old?) table or database name 'AdminLTE-4.0.0-rc4'
2025-11-28 15:29:10 3024 [ERROR] Invalid (old?) table or database name '0101-mas'
2025-11-28 15:29:10 3024 [ERROR] Invalid (old?) table or database name 'AdminLTE-4.0.0-rc4'
